vaccine,influenza_season,geographic_level,geographic_name,demographic_level,demographic_name,indicator_label,indicator_category_label,month_week,week_ending,nd_weekly_estimate,ci_half_width_90pct,ci_half_width_95pct,n_weighted,n_unweighted,suppression_flag,data_source
COVID,,National,National,Overall,18+ years,4-level vaccination and intent,Definitely or probably will not get a vaccine,December Week 1,2024-12-07T00:00:00.000,44.2757,1.8959,2.259,,12045,0,NIS-ACM
COVID,,National,National,Overall,18+ years,4-level vaccination and intent,Definitely or probably will not get a vaccine,December Week 2,2024-12-14T00:00:00.000,44.3654,1.9017,2.2659,,12288,0,NIS-ACM
COVID,,National,National,Overall,18+ years,4-level vaccination and intent,Definitely or probably will not get a vaccine,December Week 3,2024-12-21T00:00:00.000,45.6612,1.8269,2.1768,,12401,0,NIS-ACM
COVID,,National,National,Overall,18+ years,4-level vaccination and intent,Definitely or probably will not get a vaccine,December Week 4,2024-12-28T00:00:00.000,42.2254,2.5843,3.0791,,7625,0,NIS-ACM
COVID,,National,National,Overall,18+ years,4-level vaccination and intent,Definitely or probably will not get a vaccine,January Week 1,2025-01-04T00:00:00.000,43.3316,2.1458,2.5567,,8080,0,NIS-ACM
COVID,,National,National,Overall,18+ years,4-level vaccination and intent,Definitely or probably will not get a vaccine,January Week 2,2025-01-11T00:00:00.000,43.5526,1.8861,2.2472,,9768,0,NIS-ACM
COVID,,National,National,Overall,18+ years,4-level vaccination and intent,Definitely or probably will not get a vaccine,January Week 3,2025-01-18T00:00:00.000,43.082,1.792,2.1352,,10569,0,NIS-ACM
COVID,,National,National,Overall,18+ years,4-level vaccination and intent,Definitely or probably will not get a vaccine,January Week 4,2025-01-25T00:00:00.000,43.0454,2.0462,2.4381,,8893,0,NIS-ACM
COVID,,National,National,Overall,18+ years,4-level vaccination and intent,Definitely or probably will not get a vaccine,November Week 1,2024-11-02T00:00:00.000,42.2366,1.9244,2.2929,,9556,0,NIS-ACM
COVID,,National,National,Overall,18+ years,4-level vaccination and intent,Definitely or probably will not get a vaccine,November Week 2,2024-11-09T00:00:00.000,41.9709,1.9384,2.3096,,9439,0,NIS-ACM
COVID,,National,National,Overall,18+ years,4-level vaccination and intent,Definitely or probably will not get a vaccine,November Week 3,2024-11-16T00:00:00.000,44.6362,1.7854,2.1273,,11488,0,NIS-ACM
COVID,,National,National,Overall,18+ years,4-level vaccination and intent,Definitely or probably will not get a vaccine,November Week 4,2024-11-23T00:00:00.000,44.8496,1.7998,2.1445,,12005,0,NIS-ACM
COVID,,National,National,Overall,18+ years,4-level vaccination and intent,Definitely or probably will not get a vaccine,November Week 5,2024-11-30T00:00:00.000,46.8906,2.2198,2.6449,,9404,0,NIS-ACM
COVID,,National,National,Overall,18+ years,4-level vaccination and intent,Definitely or probably will not get a vaccine,October Week 1,2024-10-05T00:00:00.000,38.9348,1.9584,2.3335,,9048,0,NIS-ACM
COVID,,National,National,Overall,18+ years,4-level vaccination and intent,Definitely or probably will not get a vaccine,October Week 2,2024-10-12T00:00:00.000,41.0125,1.6778,1.9991,,12055,0,NIS-ACM
COVID,,National,National,Overall,18+ years,4-level vaccination and intent,Definitely or probably will not get a vaccine,October Week 3,2024-10-19T00:00:00.000,44.6747,1.562,1.8611,,11801,0,NIS-ACM
COVID,,National,National,Overall,18+ years,4-level vaccination and intent,Definitely or probably will not get a vaccine,October Week 4,2024-10-26T00:00:00.000,43.9405,1.6239,1.9349,,11890,0,NIS-ACM
COVID,,National,National,Overall,18+ years,4-level vaccination and intent,Definitely or probably will not get a vaccine,September Week 1,2024-09-07T00:00:00.000,44.4406,1.7928,2.1361,,10765,0,NIS-ACM
COVID,,National,National,Overall,18+ years,4-level vaccination and intent,Definitely or probably will not get a vaccine,September Week 2,2024-09-14T00:00:00.000,41.7246,1.6195,1.9296,,12525,0,NIS-ACM
COVID,,National,National,Overall,18+ years,4-level vaccination and intent,Definitely or probably will not get a vaccine,September Week 3,2024-09-21T00:00:00.000,42.4724,1.6522,1.9686,,12456,0,NIS-ACM
COVID,,National,National,Overall,18+ years,4-level vaccination and intent,Definitely or probably will not get a vaccine,September Week 4,2024-09-28T00:00:00.000,42.7631,1.7463,2.0806,,12903,0,NIS-ACM
COVID,,National,National,Overall,18+ years,4-level vaccination and intent,Definitely will get a vaccine,December Week 1,2024-12-07T00:00:00.000,9.5359,1.0713,1.2764,,12045,0,NIS-ACM
COVID,,National,National,Overall,18+ years,4-level vaccination and intent,Definitely will get a vaccine,December Week 2,2024-12-14T00:00:00.000,9.7617,1.1115,1.3243,,12288,0,NIS-ACM
COVID,,National,National,Overall,18+ years,4-level vaccination and intent,Definitely will get a vaccine,December Week 3,2024-12-21T00:00:00.000,8.8564,0.9308,1.109,,12401,0,NIS-ACM
COVID,,National,National,Overall,18+ years,4-level vaccination and intent,Definitely will get a vaccine,December Week 4,2024-12-28T00:00:00.000,9.1244,1.5188,1.8096,,7625,0,NIS-ACM
COVID,,National,National,Overall,18+ years,4-level vaccination and intent,Definitely will get a vaccine,January Week 1,2025-01-04T00:00:00.000,10.3419,1.4949,1.7811,,8080,0,NIS-ACM
COVID,,National,National,Overall,18+ years,4-level vaccination and intent,Definitely will get a vaccine,January Week 2,2025-01-11T00:00:00.000,9.84,1.1666,1.39,,9768,0,NIS-ACM
COVID,,National,National,Overall,18+ years,4-level vaccination and intent,Definitely will get a vaccine,January Week 3,2025-01-18T00:00:00.000,9.0507,1.0635,1.2671,,10569,0,NIS-ACM
COVID,,National,National,Overall,18+ years,4-level vaccination and intent,Definitely will get a vaccine,January Week 4,2025-01-25T00:00:00.000,9.2407,1.3316,1.5866,,8893,0,NIS-ACM
COVID,,National,National,Overall,18+ years,4-level vaccination and intent,Definitely will get a vaccine,November Week 1,2024-11-02T00:00:00.000,14.4916,1.3127,1.5641,,9556,0,NIS-ACM
COVID,,National,National,Overall,18+ years,4-level vaccination and intent,Definitely will get a vaccine,November Week 2,2024-11-09T00:00:00.000,13.5839,1.4063,1.6756,,9439,0,NIS-ACM
COVID,,National,National,Overall,18+ years,4-level vaccination and intent,Definitely will get a vaccine,November Week 3,2024-11-16T00:00:00.000,11.9616,1.09,1.2988,,11488,0,NIS-ACM
COVID,,National,National,Overall,18+ years,4-level vaccination and intent,Definitely will get a vaccine,November Week 4,2024-11-23T00:00:00.000,11.1329,1.1876,1.4151,,12005,0,NIS-ACM
COVID,,National,National,Overall,18+ years,4-level vaccination and intent,Definitely will get a vaccine,November Week 5,2024-11-30T00:00:00.000,9.6677,1.3525,1.6115,,9404,0,NIS-ACM
COVID,,National,National,Overall,18+ years,4-level vaccination and intent,Definitely will get a vaccine,October Week 1,2024-10-05T00:00:00.000,21.1096,1.7261,2.0566,,9048,0,NIS-ACM
COVID,,National,National,Overall,18+ years,4-level vaccination and intent,Definitely will get a vaccine,October Week 2,2024-10-12T00:00:00.000,19.7584,1.2247,1.4592,,12055,0,NIS-ACM
COVID,,National,National,Overall,18+ years,4-level vaccination and intent,Definitely will get a vaccine,October Week 3,2024-10-19T00:00:00.000,15.7519,1.0378,1.2365,,11801,0,NIS-ACM
COVID,,National,National,Overall,18+ years,4-level vaccination and intent,Definitely will get a vaccine,October Week 4,2024-10-26T00:00:00.000,14.0541,0.9982,1.1893,,11890,0,NIS-ACM
COVID,,National,National,Overall,18+ years,4-level vaccination and intent,Definitely will get a vaccine,September Week 1,2024-09-07T00:00:00.000,23.8835,1.4278,1.7012,,10765,0,NIS-ACM
COVID,,National,National,Overall,18+ years,4-level vaccination and intent,Definitely will get a vaccine,September Week 2,2024-09-14T00:00:00.000,23.0595,1.2749,1.519,,12525,0,NIS-ACM
COVID,,National,National,Overall,18+ years,4-level vaccination and intent,Definitely will get a vaccine,September Week 3,2024-09-21T00:00:00.000,23.2732,1.4143,1.6851,,12456,0,NIS-ACM
COVID,,National,National,Overall,18+ years,4-level vaccination and intent,Definitely will get a vaccine,September Week 4,2024-09-28T00:00:00.000,20.8628,1.291,1.5382,,12903,0,NIS-ACM
COVID,,National,National,Overall,18+ years,4-level vaccination and intent,Probably will get a vaccine/unsure,December Week 1,2024-12-07T00:00:00.000,25.7109,1.6211,1.9315,,12045,0,NIS-ACM
COVID,,National,National,Overall,18+ years,4-level vaccination and intent,Probably will get a vaccine/unsure,December Week 2,2024-12-14T00:00:00.000,24.9625,1.7536,2.0894,,12288,0,NIS-ACM
COVID,,National,National,Overall,18+ years,4-level vaccination and intent,Probably will get a vaccine/unsure,December Week 3,2024-12-21T00:00:00.000,24.0782,1.5538,1.8514,,12401,0,NIS-ACM
COVID,,National,National,Overall,18+ years,4-level vaccination and intent,Probably will get a vaccine/unsure,December Week 4,2024-12-28T00:00:00.000,27.0858,2.25,2.6809,,7625,0,NIS-ACM
COVID,,National,National,Overall,18+ years,4-level vaccination and intent,Probably will get a vaccine/unsure,January Week 1,2025-01-04T00:00:00.000,24.2574,1.7489,2.0838,,8080,0,NIS-ACM
COVID,,National,National,Overall,18+ years,4-level vaccination and intent,Probably will get a vaccine/unsure,January Week 2,2025-01-11T00:00:00.000,24.0828,1.618,1.9278,,9768,0,NIS-ACM
COVID,,National,National,Overall,18+ years,4-level vaccination and intent,Probably will get a vaccine/unsure,January Week 3,2025-01-18T00:00:00.000,25.3137,1.5864,1.8902,,10569,0,NIS-ACM
COVID,,National,National,Overall,18+ years,4-level vaccination and intent,Probably will get a vaccine/unsure,January Week 4,2025-01-25T00:00:00.000,25.1211,1.9828,2.3624,,8893,0,NIS-ACM
COVID,,National,National,Overall,18+ years,4-level vaccination and intent,Probably will get a vaccine/unsure,November Week 1,2024-11-02T00:00:00.000,27.155,1.6898,2.0134,,9556,0,NIS-ACM
COVID,,National,National,Overall,18+ years,4-level vaccination and intent,Probably will get a vaccine/unsure,November Week 2,2024-11-09T00:00:00.000,27.326,1.9531,2.3271,,9439,0,NIS-ACM
COVID,,National,National,Overall,18+ years,4-level vaccination and intent,Probably will get a vaccine/unsure,November Week 3,2024-11-16T00:00:00.000,25.5272,1.579,1.8814,,11488,0,NIS-ACM
COVID,,National,National,Overall,18+ years,4-level vaccination and intent,Probably will get a vaccine/unsure,November Week 4,2024-11-23T00:00:00.000,25.0355,1.6063,1.9139,,12005,0,NIS-ACM
COVID,,National,National,Overall,18+ years,4-level vaccination and intent,Probably will get a vaccine/unsure,November Week 5,2024-11-30T00:00:00.000,24.1591,1.9299,2.2994,,9404,0,NIS-ACM
COVID,,National,National,Overall,18+ years,4-level vaccination and intent,Probably will get a vaccine/unsure,October Week 1,2024-10-05T00:00:00.000,31.4131,1.9967,2.379,,9048,0,NIS-ACM
COVID,,National,National,Overall,18+ years,4-level vaccination and intent,Probably will get a vaccine/unsure,October Week 2,2024-10-12T00:00:00.000,28.9368,1.5631,1.8624,,12055,0,NIS-ACM
COVID,,National,National,Overall,18+ years,4-level vaccination and intent,Probably will get a vaccine/unsure,October Week 3,2024-10-19T00:00:00.000,27.5299,1.3874,1.653,,11801,0,NIS-ACM
COVID,,National,National,Overall,18+ years,4-level vaccination and intent,Probably will get a vaccine/unsure,October Week 4,2024-10-26T00:00:00.000,28.6839,1.453,1.7312,,11890,0,NIS-ACM
COVID,,National,National,Overall,18+ years,4-level vaccination and intent,Probably will get a vaccine/unsure,September Week 1,2024-09-07T00:00:00.000,29.7508,1.6323,1.9449,,10765,0,NIS-ACM
COVID,,National,National,Overall,18+ years,4-level vaccination and intent,Probably will get a vaccine/unsure,September Week 2,2024-09-14T00:00:00.000,31.8325,1.6158,1.9252,,12525,0,NIS-ACM
COVID,,National,National,Overall,18+ years,4-level vaccination and intent,Probably will get a vaccine/unsure,September Week 3,2024-09-21T00:00:00.000,29.2944,1.5672,1.8673,,12456,0,NIS-ACM
COVID,,National,National,Overall,18+ years,4-level vaccination and intent,Probably will get a vaccine/unsure,September Week 4,2024-09-28T00:00:00.000,29.9477,1.6092,1.9173,,12903,0,NIS-ACM
COVID,,National,National,Overall,18+ years,4-level vaccination and intent,Received a vaccination,December Week 1,2024-12-07T00:00:00.000,20.4775,0.4844,0.5771,,227004,0,NIS-ACM
COVID,,National,National,Overall,18+ years,4-level vaccination and intent,Received a vaccination,December Week 2,2024-12-14T00:00:00.000,20.9104,0.5016,0.5977,,227004,0,NIS-ACM
COVID,,National,National,Overall,18+ years,4-level vaccination and intent,Received a vaccination,December Week 3,2024-12-21T00:00:00.000,21.4042,0.5173,0.6164,,227004,0,NIS-ACM
COVID,,National,National,Overall,18+ years,4-level vaccination and intent,Received a vaccination,December Week 4,2024-12-28T00:00:00.000,21.5645,0.5243,0.6247,,227004,0,NIS-ACM
COVID,,National,National,Overall,18+ years,4-level vaccination and intent,Received a vaccination,January Week 1,2025-01-04T00:00:00.000,22.0691,0.513,0.6112,,227004,0,NIS-ACM
COVID,,National,National,Overall,18+ years,4-level vaccination and intent,Received a vaccination,January Week 2,2025-01-11T00:00:00.000,22.5246,0.5591,0.6661,,227004,0,NIS-ACM
COVID,,National,National,Overall,18+ years,4-level vaccination and intent,Received a vaccination,January Week 3,2025-01-18T00:00:00.000,22.5536,0.5292,0.6305,,227004,0,NIS-ACM
COVID,,National,National,Overall,18+ years,4-level vaccination and intent,Received a vaccination,January Week 4,2025-01-25T00:00:00.000,22.5928,0.5298,0.6313,,227004,0,NIS-ACM
COVID,,National,National,Overall,18+ years,4-level vaccination and intent,Received a vaccination,November Week 1,2024-11-02T00:00:00.000,16.1167,0.3696,0.4404,,227004,0,NIS-ACM
COVID,,National,National,Overall,18+ years,4-level vaccination and intent,Received a vaccination,November Week 2,2024-11-09T00:00:00.000,17.1192,0.4569,0.5444,,227004,0,NIS-ACM
COVID,,National,National,Overall,18+ years,4-level vaccination and intent,Received a vaccination,November Week 3,2024-11-16T00:00:00.000,17.8749,0.4573,0.5449,,227004,0,NIS-ACM
COVID,,National,National,Overall,18+ years,4-level vaccination and intent,Received a vaccination,November Week 4,2024-11-23T00:00:00.000,18.982,0.5337,0.6359,,227004,0,NIS-ACM
COVID,,National,National,Overall,18+ years,4-level vaccination and intent,Received a vaccination,November Week 5,2024-11-30T00:00:00.000,19.2825,0.5511,0.6566,,227004,0,NIS-ACM
COVID,,National,National,Overall,18+ years,4-level vaccination and intent,Received a vaccination,October Week 1,2024-10-05T00:00:00.000,8.5425,0.3133,0.3733,,227004,0,NIS-ACM
COVID,,National,National,Overall,18+ years,4-level vaccination and intent,Received a vaccination,October Week 2,2024-10-12T00:00:00.000,10.2923,0.3597,0.4286,,227004,0,NIS-ACM
COVID,,National,National,Overall,18+ years,4-level vaccination and intent,Received a vaccination,October Week 3,2024-10-19T00:00:00.000,12.0435,0.4191,0.4994,,227004,0,NIS-ACM
COVID,,National,National,Overall,18+ years,4-level vaccination and intent,Received a vaccination,October Week 4,2024-10-26T00:00:00.000,13.3215,0.5546,0.6608,,227004,0,NIS-ACM
COVID,,National,National,Overall,18+ years,4-level vaccination and intent,Received a vaccination,September Week 1,2024-09-07T00:00:00.000,1.9251,0.219,0.261,,227004,0,NIS-ACM
COVID,,National,National,Overall,18+ years,4-level vaccination and intent,Received a vaccination,September Week 2,2024-09-14T00:00:00.000,3.3834,0.3105,0.3699,,227004,0,NIS-ACM
COVID,,National,National,Overall,18+ years,4-level vaccination and intent,Received a vaccination,September Week 3,2024-09-21T00:00:00.000,4.96,0.3779,0.4503,,227004,0,NIS-ACM
COVID,,National,National,Overall,18+ years,4-level vaccination and intent,Received a vaccination,September Week 4,2024-09-28T00:00:00.000,6.4264,0.5201,0.6197,,227004,0,NIS-ACM
COVID,,National,National,Overall,18+ years,Up-to-date,Yes,December Week 1,2024-12-07T00:00:00.000,20.4775,0.4844,0.5771,,227004,0,NIS-ACM
COVID,,National,National,Overall,18+ years,Up-to-date,Yes,December Week 2,2024-12-14T00:00:00.000,20.9104,0.5016,0.5977,,227004,0,NIS-ACM
COVID,,National,National,Overall,18+ years,Up-to-date,Yes,December Week 3,2024-12-21T00:00:00.000,21.4042,0.5173,0.6164,,227004,0,NIS-ACM
COVID,,National,National,Overall,18+ years,Up-to-date,Yes,December Week 4,2024-12-28T00:00:00.000,21.5645,0.5243,0.6247,,227004,0,NIS-ACM
COVID,,National,National,Overall,18+ years,Up-to-date,Yes,January Week 1,2025-01-04T00:00:00.000,22.0691,0.513,0.6112,,227004,0,NIS-ACM
COVID,,National,National,Overall,18+ years,Up-to-date,Yes,January Week 2,2025-01-11T00:00:00.000,22.5246,0.5591,0.6661,,227004,0,NIS-ACM
COVID,,National,National,Overall,18+ years,Up-to-date,Yes,January Week 3,2025-01-18T00:00:00.000,22.5536,0.5292,0.6305,,227004,0,NIS-ACM
COVID,,National,National,Overall,18+ years,Up-to-date,Yes,January Week 4,2025-01-25T00:00:00.000,22.5928,0.5298,0.6313,,227004,0,NIS-ACM
COVID,,National,National,Overall,18+ years,Up-to-date,Yes,November Week 1,2024-11-02T00:00:00.000,16.1167,0.3696,0.4404,,227004,0,NIS-ACM
COVID,,National,National,Overall,18+ years,Up-to-date,Yes,November Week 2,2024-11-09T00:00:00.000,17.1192,0.4569,0.5444,,227004,0,NIS-ACM
COVID,,National,National,Overall,18+ years,Up-to-date,Yes,November Week 3,2024-11-16T00:00:00.000,17.8749,0.4573,0.5449,,227004,0,NIS-ACM
COVID,,National,National,Overall,18+ years,Up-to-date,Yes,November Week 4,2024-11-23T00:00:00.000,18.982,0.5337,0.6359,,227004,0,NIS-ACM
COVID,,National,National,Overall,18+ years,Up-to-date,Yes,November Week 5,2024-11-30T00:00:00.000,19.2825,0.5511,0.6566,,227004,0,NIS-ACM
COVID,,National,National,Overall,18+ years,Up-to-date,Yes,October Week 1,2024-10-05T00:00:00.000,8.5425,0.3133,0.3733,,227004,0,NIS-ACM
COVID,,National,National,Overall,18+ years,Up-to-date,Yes,October Week 2,2024-10-12T00:00:00.000,10.2923,0.3597,0.4286,,227004,0,NIS-ACM
COVID,,National,National,Overall,18+ years,Up-to-date,Yes,October Week 3,2024-10-19T00:00:00.000,12.0435,0.4191,0.4994,,227004,0,NIS-ACM
COVID,,National,National,Overall,18+ years,Up-to-date,Yes,October Week 4,2024-10-26T00:00:00.000,13.3215,0.5546,0.6608,,227004,0,NIS-ACM
COVID,,National,National,Overall,18+ years,Up-to-date,Yes,September Week 1,2024-09-07T00:00:00.000,1.9251,0.219,0.261,,227004,0,NIS-ACM
COVID,,National,National,Overall,18+ years,Up-to-date,Yes,September Week 2,2024-09-14T00:00:00.000,3.3834,0.3105,0.3699,,227004,0,NIS-ACM
COVID,,National,National,Overall,18+ years,Up-to-date,Yes,September Week 3,2024-09-21T00:00:00.000,4.96,0.3779,0.4503,,227004,0,NIS-ACM
COVID,,National,National,Overall,18+ years,Up-to-date,Yes,September Week 4,2024-09-28T00:00:00.000,6.4264,0.5201,0.6197,,227004,0,NIS-ACM
COVID,,National,National,Overall,6 months-17 years,4-level vaccination and intent,Definitely or probably will not get a vaccine,December Week 1,2024-12-07T00:00:00.000,52.4205,2.8205,3.3605,,3079,0,NIS-Flu
COVID,,National,National,Overall,6 months-17 years,4-level vaccination and intent,Definitely or probably will not get a vaccine,December Week 2,2024-12-14T00:00:00.000,53.7476,2.7054,3.2235,,3019,0,NIS-Flu
COVID,,National,National,Overall,6 months-17 years,4-level vaccination and intent,Definitely or probably will not get a vaccine,December Week 3,2024-12-21T00:00:00.000,52.9472,2.5286,3.0128,,2860,0,NIS-Flu
COVID,,National,National,Overall,6 months-17 years,4-level vaccination and intent,Definitely or probably will not get a vaccine,December Week 4,2024-12-28T00:00:00.000,53.3903,3.4352,4.093,,1838,0,NIS-Flu
COVID,,National,National,Overall,6 months-17 years,4-level vaccination and intent,Definitely or probably will not get a vaccine,January Week 1,2025-01-04T00:00:00.000,49.7174,3.2564,3.88,,1867,0,NIS-Flu
COVID,,National,National,Overall,6 months-17 years,4-level vaccination and intent,Definitely or probably will not get a vaccine,January Week 2,2025-01-11T00:00:00.000,52.1952,2.7508,3.2776,,2552,0,NIS-Flu
COVID,,National,National,Overall,6 months-17 years,4-level vaccination and intent,Definitely or probably will not get a vaccine,January Week 3,2025-01-18T00:00:00.000,52.6201,2.6284,3.1317,,3011,0,NIS-Flu
COVID,,National,National,Overall,6 months-17 years,4-level vaccination and intent,Definitely or probably will not get a vaccine,January Week 4,2025-01-25T00:00:00.000,51.0141,2.913,3.4709,,2501,0,NIS-Flu
COVID,,National,National,Overall,6 months-17 years,4-level vaccination and intent,Definitely or probably will not get a vaccine,November Week 1,2024-11-02T00:00:00.000,47.7083,2.8627,3.4109,,2593,0,NIS-Flu
COVID,,National,National,Overall,6 months-17 years,4-level vaccination and intent,Definitely or probably will not get a vaccine,November Week 2,2024-11-09T00:00:00.000,47.8118,2.7805,3.3129,,2703,0,NIS-Flu
COVID,,National,National,Overall,6 months-17 years,4-level vaccination and intent,Definitely or probably will not get a vaccine,November Week 3,2024-11-16T00:00:00.000,54.2572,2.6943,3.2102,,3163,0,NIS-Flu
COVID,,National,National,Overall,6 months-17 years,4-level vaccination and intent,Definitely or probably will not get a vaccine,November Week 4,2024-11-23T00:00:00.000,52.3303,2.4921,2.9694,,3152,0,NIS-Flu
COVID,,National,National,Overall,6 months-17 years,4-level vaccination and intent,Definitely or probably will not get a vaccine,November Week 5,2024-11-30T00:00:00.000,51.6246,2.7931,3.328,,2359,0,NIS-Flu
COVID,,National,National,Overall,6 months-17 years,4-level vaccination and intent,Definitely or probably will not get a vaccine,October Week 1,2024-10-05T00:00:00.000,48.8564,3.9231,4.6744,,1531,0,NIS-Flu
COVID,,National,National,Overall,6 months-17 years,4-level vaccination and intent,Definitely or probably will not get a vaccine,October Week 2,2024-10-12T00:00:00.000,47.4721,2.3706,2.8246,,3037,0,NIS-Flu
COVID,,National,National,Overall,6 months-17 years,4-level vaccination and intent,Definitely or probably will not get a vaccine,October Week 3,2024-10-19T00:00:00.000,48.7089,2.5459,3.0334,,3169,0,NIS-Flu
COVID,,National,National,Overall,6 months-17 years,4-level vaccination and intent,Definitely or probably will not get a vaccine,October Week 4,2024-10-26T00:00:00.000,50.0167,2.5476,3.0354,,3240,0,NIS-Flu
COVID,,National,National,Overall,6 months-17 years,4-level vaccination and intent,Definitely will get a vaccine,December Week 1,2024-12-07T00:00:00.000,9.4296,1.4444,1.721,,3079,0,NIS-Flu
COVID,,National,National,Overall,6 months-17 years,4-level vaccination and intent,Definitely will get a vaccine,December Week 2,2024-12-14T00:00:00.000,8.4865,1.5292,1.822,,3019,0,NIS-Flu
COVID,,National,National,Overall,6 months-17 years,4-level vaccination and intent,Definitely will get a vaccine,December Week 3,2024-12-21T00:00:00.000,8.1836,1.2846,1.5306,,2860,0,NIS-Flu
COVID,,National,National,Overall,6 months-17 years,4-level vaccination and intent,Definitely will get a vaccine,December Week 4,2024-12-28T00:00:00.000,8.5626,1.8013,2.1462,,1838,0,NIS-Flu
COVID,,National,National,Overall,6 months-17 years,4-level vaccination and intent,Definitely will get a vaccine,January Week 1,2025-01-04T00:00:00.000,7.1893,1.7207,2.0501,,1867,0,NIS-Flu
COVID,,National,National,Overall,6 months-17 years,4-level vaccination and intent,Definitely will get a vaccine,January Week 2,2025-01-11T00:00:00.000,7.5559,1.3558,1.6154,,2552,0,NIS-Flu
COVID,,National,National,Overall,6 months-17 years,4-level vaccination and intent,Definitely will get a vaccine,January Week 3,2025-01-18T00:00:00.000,7.6759,1.4554,1.7341,,3011,0,NIS-Flu
COVID,,National,National,Overall,6 months-17 years,4-level vaccination and intent,Definitely will get a vaccine,January Week 4,2025-01-25T00:00:00.000,7.7784,1.5554,1.8532,,2501,0,NIS-Flu
COVID,,National,National,Overall,6 months-17 years,4-level vaccination and intent,Definitely will get a vaccine,November Week 1,2024-11-02T00:00:00.000,12.0781,1.9769,2.3555,,2593,0,NIS-Flu
COVID,,National,National,Overall,6 months-17 years,4-level vaccination and intent,Definitely will get a vaccine,November Week 2,2024-11-09T00:00:00.000,10.6138,1.6872,2.0103,,2703,0,NIS-Flu
COVID,,National,National,Overall,6 months-17 years,4-level vaccination and intent,Definitely will get a vaccine,November Week 3,2024-11-16T00:00:00.000,11.8878,1.8803,2.2404,,3163,0,NIS-Flu
COVID,,National,National,Overall,6 months-17 years,4-level vaccination and intent,Definitely will get a vaccine,November Week 4,2024-11-23T00:00:00.000,9.1878,1.4835,1.7675,,3152,0,NIS-Flu
COVID,,National,National,Overall,6 months-17 years,4-level vaccination and intent,Definitely will get a vaccine,November Week 5,2024-11-30T00:00:00.000,8.1565,1.3908,1.6572,,2359,0,NIS-Flu
COVID,,National,National,Overall,6 months-17 years,4-level vaccination and intent,Definitely will get a vaccine,October Week 1,2024-10-05T00:00:00.000,16.9849,2.4949,2.9726,,1531,0,NIS-Flu
COVID,,National,National,Overall,6 months-17 years,4-level vaccination and intent,Definitely will get a vaccine,October Week 2,2024-10-12T00:00:00.000,14.0621,1.6882,2.0114,,3037,0,NIS-Flu
COVID,,National,National,Overall,6 months-17 years,4-level vaccination and intent,Definitely will get a vaccine,October Week 3,2024-10-19T00:00:00.000,13.6586,1.7066,2.0334,,3169,0,NIS-Flu
COVID,,National,National,Overall,6 months-17 years,4-level vaccination and intent,Definitely will get a vaccine,October Week 4,2024-10-26T00:00:00.000,13.4266,1.6978,2.0229,,3240,0,NIS-Flu
COVID,,National,National,Overall,6 months-17 years,4-level vaccination and intent,Probably will get a vaccine/unsure,December Week 1,2024-12-07T00:00:00.000,27.9846,2.6854,3.1996,,3079,0,NIS-Flu
COVID,,National,National,Overall,6 months-17 years,4-level vaccination and intent,Probably will get a vaccine/unsure,December Week 2,2024-12-14T00:00:00.000,27.4103,2.3893,2.8468,,3019,0,NIS-Flu
COVID,,National,National,Overall,6 months-17 years,4-level vaccination and intent,Probably will get a vaccine/unsure,December Week 3,2024-12-21T00:00:00.000,28.1991,2.2886,2.7268,,2860,0,NIS-Flu
COVID,,National,National,Overall,6 months-17 years,4-level vaccination and intent,Probably will get a vaccine/unsure,December Week 4,2024-12-28T00:00:00.000,27.1988,3.1121,3.708,,1838,0,NIS-Flu
COVID,,National,National,Overall,6 months-17 years,4-level vaccination and intent,Probably will get a vaccine/unsure,January Week 1,2025-01-04T00:00:00.000,31.9974,3.0732,3.6617,,1867,0,NIS-Flu
COVID,,National,National,Overall,6 months-17 years,4-level vaccination and intent,Probably will get a vaccine/unsure,January Week 2,2025-01-11T00:00:00.000,29.0305,2.5415,3.0282,,2552,0,NIS-Flu
COVID,,National,National,Overall,6 months-17 years,4-level vaccination and intent,Probably will get a vaccine/unsure,January Week 3,2025-01-18T00:00:00.000,28.3805,2.3758,2.8308,,3011,0,NIS-Flu
COVID,,National,National,Overall,6 months-17 years,4-level vaccination and intent,Probably will get a vaccine/unsure,January Week 4,2025-01-25T00:00:00.000,29.8003,2.6056,3.1046,,2501,0,NIS-Flu
COVID,,National,National,Overall,6 months-17 years,4-level vaccination and intent,Probably will get a vaccine/unsure,November Week 1,2024-11-02T00:00:00.000,32.5101,2.722,3.2432,,2593,0,NIS-Flu
COVID,,National,National,Overall,6 months-17 years,4-level vaccination and intent,Probably will get a vaccine/unsure,November Week 2,2024-11-09T00:00:00.000,33.2302,2.7642,3.2935,,2703,0,NIS-Flu
COVID,,National,National,Overall,6 months-17 years,4-level vaccination and intent,Probably will get a vaccine/unsure,November Week 3,2024-11-16T00:00:00.000,25.0965,2.1829,2.6008,,3163,0,NIS-Flu
COVID,,National,National,Overall,6 months-17 years,4-level vaccination and intent,Probably will get a vaccine/unsure,November Week 4,2024-11-23T00:00:00.000,29.1612,2.2622,2.6953,,3152,0,NIS-Flu
COVID,,National,National,Overall,6 months-17 years,4-level vaccination and intent,Probably will get a vaccine/unsure,November Week 5,2024-11-30T00:00:00.000,30.6366,2.6131,3.1135,,2359,0,NIS-Flu
COVID,,National,National,Overall,6 months-17 years,4-level vaccination and intent,Probably will get a vaccine/unsure,October Week 1,2024-10-05T00:00:00.000,30.4728,3.5467,4.2259,,1531,0,NIS-Flu
COVID,,National,National,Overall,6 months-17 years,4-level vaccination and intent,Probably will get a vaccine/unsure,October Week 2,2024-10-12T00:00:00.000,34.2079,2.2788,2.7151,,3037,0,NIS-Flu
COVID,,National,National,Overall,6 months-17 years,4-level vaccination and intent,Probably will get a vaccine/unsure,October Week 3,2024-10-19T00:00:00.000,32.0374,2.4153,2.8779,,3169,0,NIS-Flu
COVID,,National,National,Overall,6 months-17 years,4-level vaccination and intent,Probably will get a vaccine/unsure,October Week 4,2024-10-26T00:00:00.000,30.543,2.3537,2.8044,,3240,0,NIS-Flu
COVID,,National,National,Overall,6 months-17 years,4-level vaccination and intent,Received a vaccination,December Week 1,2024-12-07T00:00:00.000,10.1653,0.5081,0.6054,,45896,0,NIS-Flu
COVID,,National,National,Overall,6 months-17 years,4-level vaccination and intent,Received a vaccination,December Week 2,2024-12-14T00:00:00.000,10.3556,0.523,0.6232,,45896,0,NIS-Flu
COVID,,National,National,Overall,6 months-17 years,4-level vaccination and intent,Received a vaccination,December Week 3,2024-12-21T00:00:00.000,10.6701,0.5537,0.6597,,45896,0,NIS-Flu
COVID,,National,National,Overall,6 months-17 years,4-level vaccination and intent,Received a vaccination,December Week 4,2024-12-28T00:00:00.000,10.8483,0.5728,0.6825,,45896,0,NIS-Flu
COVID,,National,National,Overall,6 months-17 years,4-level vaccination and intent,Received a vaccination,January Week 1,2025-01-04T00:00:00.000,11.0959,0.5538,0.6599,,45896,0,NIS-Flu
COVID,,National,National,Overall,6 months-17 years,4-level vaccination and intent,Received a vaccination,January Week 2,2025-01-11T00:00:00.000,11.2184,0.5653,0.6735,,45896,0,NIS-Flu
COVID,,National,National,Overall,6 months-17 years,4-level vaccination and intent,Received a vaccination,January Week 3,2025-01-18T00:00:00.000,11.3236,0.5674,0.676,,45896,0,NIS-Flu
COVID,,National,National,Overall,6 months-17 years,4-level vaccination and intent,Received a vaccination,January Week 4,2025-01-25T00:00:00.000,11.4072,0.5752,0.6853,,45896,0,NIS-Flu
COVID,,National,National,Overall,6 months-17 years,4-level vaccination and intent,Received a vaccination,November Week 1,2024-11-02T00:00:00.000,7.7035,0.3916,0.4666,,45896,0,NIS-Flu
COVID,,National,National,Overall,6 months-17 years,4-level vaccination and intent,Received a vaccination,November Week 2,2024-11-09T00:00:00.000,8.3442,0.5235,0.6237,,45896,0,NIS-Flu
COVID,,National,National,Overall,6 months-17 years,4-level vaccination and intent,Received a vaccination,November Week 3,2024-11-16T00:00:00.000,8.7586,0.4948,0.5896,,45896,0,NIS-Flu
COVID,,National,National,Overall,6 months-17 years,4-level vaccination and intent,Received a vaccination,November Week 4,2024-11-23T00:00:00.000,9.3208,0.6434,0.7666,,45896,0,NIS-Flu
COVID,,National,National,Overall,6 months-17 years,4-level vaccination and intent,Received a vaccination,November Week 5,2024-11-30T00:00:00.000,9.5823,0.664,0.7911,,45896,0,NIS-Flu
COVID,,National,National,Overall,6 months-17 years,4-level vaccination and intent,Received a vaccination,October Week 1,2024-10-05T00:00:00.000,3.6859,0.2936,0.3499,,45896,0,NIS-Flu
COVID,,National,National,Overall,6 months-17 years,4-level vaccination and intent,Received a vaccination,October Week 2,2024-10-12T00:00:00.000,4.2579,0.363,0.4325,,45896,0,NIS-Flu
COVID,,National,National,Overall,6 months-17 years,4-level vaccination and intent,Received a vaccination,October Week 3,2024-10-19T00:00:00.000,5.5952,0.5289,0.6302,,45896,0,NIS-Flu
COVID,,National,National,Overall,6 months-17 years,4-level vaccination and intent,Received a vaccination,October Week 4,2024-10-26T00:00:00.000,6.0137,0.5772,0.6878,,45896,0,NIS-Flu
COVID,,National,National,Overall,6 months-17 years,Up-to-date,Yes,December Week 1,2024-12-07T00:00:00.000,10.1653,0.5081,0.6054,,45896,0,NIS-Flu
COVID,,National,National,Overall,6 months-17 years,Up-to-date,Yes,December Week 2,2024-12-14T00:00:00.000,10.3556,0.523,0.6232,,45896,0,NIS-Flu
COVID,,National,National,Overall,6 months-17 years,Up-to-date,Yes,December Week 3,2024-12-21T00:00:00.000,10.6701,0.5537,0.6597,,45896,0,NIS-Flu
COVID,,National,National,Overall,6 months-17 years,Up-to-date,Yes,December Week 4,2024-12-28T00:00:00.000,10.8483,0.5728,0.6825,,45896,0,NIS-Flu
COVID,,National,National,Overall,6 months-17 years,Up-to-date,Yes,January Week 1,2025-01-04T00:00:00.000,11.0959,0.5538,0.6599,,45896,0,NIS-Flu
COVID,,National,National,Overall,6 months-17 years,Up-to-date,Yes,January Week 2,2025-01-11T00:00:00.000,11.2184,0.5653,0.6735,,45896,0,NIS-Flu
COVID,,National,National,Overall,6 months-17 years,Up-to-date,Yes,January Week 3,2025-01-18T00:00:00.000,11.3236,0.5674,0.676,,45896,0,NIS-Flu
COVID,,National,National,Overall,6 months-17 years,Up-to-date,Yes,January Week 4,2025-01-25T00:00:00.000,11.4072,0.5752,0.6853,,45896,0,NIS-Flu
COVID,,National,National,Overall,6 months-17 years,Up-to-date,Yes,November Week 1,2024-11-02T00:00:00.000,7.7035,0.3916,0.4666,,45896,0,NIS-Flu
COVID,,National,National,Overall,6 months-17 years,Up-to-date,Yes,November Week 2,2024-11-09T00:00:00.000,8.3442,0.5235,0.6237,,45896,0,NIS-Flu
COVID,,National,National,Overall,6 months-17 years,Up-to-date,Yes,November Week 3,2024-11-16T00:00:00.000,8.7586,0.4948,0.5896,,45896,0,NIS-Flu
COVID,,National,National,Overall,6 months-17 years,Up-to-date,Yes,November Week 4,2024-11-23T00:00:00.000,9.3208,0.6434,0.7666,,45896,0,NIS-Flu
COVID,,National,National,Overall,6 months-17 years,Up-to-date,Yes,November Week 5,2024-11-30T00:00:00.000,9.5823,0.664,0.7911,,45896,0,NIS-Flu
COVID,,National,National,Overall,6 months-17 years,Up-to-date,Yes,October Week 1,2024-10-05T00:00:00.000,3.6859,0.2936,0.3499,,45896,0,NIS-Flu
COVID,,National,National,Overall,6 months-17 years,Up-to-date,Yes,October Week 2,2024-10-12T00:00:00.000,4.2579,0.363,0.4325,,45896,0,NIS-Flu
COVID,,National,National,Overall,6 months-17 years,Up-to-date,Yes,October Week 3,2024-10-19T00:00:00.000,5.5952,0.5289,0.6302,,45896,0,NIS-Flu
COVID,,National,National,Overall,6 months-17 years,Up-to-date,Yes,October Week 4,2024-10-26T00:00:00.000,6.0137,0.5772,0.6878,,45896,0,NIS-Flu
FLU,,National,National,Overall,18+ years,4-level vaccination and intent,Definitely or probably will not get a vaccine,August Week 4,2024-08-24T00:00:00.000,31.4122,1.4464,1.7234,,11806,0,NIS-ACM
FLU,,National,National,Overall,18+ years,4-level vaccination and intent,Definitely or probably will not get a vaccine,August Week 5,2024-08-31T00:00:00.000,32.9569,1.5558,1.8537,,11937,0,NIS-ACM
FLU,,National,National,Overall,18+ years,4-level vaccination and intent,Definitely or probably will not get a vaccine,December Week 1,2024-12-07T00:00:00.000,31.4305,1.8145,2.162,,12062,0,NIS-ACM
FLU,,National,National,Overall,18+ years,4-level vaccination and intent,Definitely or probably will not get a vaccine,December Week 2,2024-12-14T00:00:00.000,32.6872,1.7548,2.0909,,12298,0,NIS-ACM
FLU,,National,National,Overall,18+ years,4-level vaccination and intent,Definitely or probably will not get a vaccine,December Week 3,2024-12-21T00:00:00.000,32.6028,1.7451,2.0792,,12404,0,NIS-ACM
FLU,,National,National,Overall,18+ years,4-level vaccination and intent,Definitely or probably will not get a vaccine,December Week 4,2024-12-28T00:00:00.000,31.6527,2.4968,2.9749,,7633,0,NIS-ACM
FLU,,National,National,Overall,18+ years,4-level vaccination and intent,Definitely or probably will not get a vaccine,January Week 1,2025-01-04T00:00:00.000,32.2679,2.0524,2.4454,,8099,0,NIS-ACM
FLU,,National,National,Overall,18+ years,4-level vaccination and intent,Definitely or probably will not get a vaccine,January Week 2,2025-01-11T00:00:00.000,33.5899,1.8532,2.2081,,9770,0,NIS-ACM
FLU,,National,National,Overall,18+ years,4-level vaccination and intent,Definitely or probably will not get a vaccine,January Week 3,2025-01-18T00:00:00.000,32.3129,1.6734,1.9938,,10574,0,NIS-ACM
FLU,,National,National,Overall,18+ years,4-level vaccination and intent,Definitely or probably will not get a vaccine,January Week 4,2025-01-25T00:00:00.000,35.152,2.009,2.3937,,8908,0,NIS-ACM
FLU,,National,National,Overall,18+ years,4-level vaccination and intent,Definitely or probably will not get a vaccine,November Week 1,2024-11-02T00:00:00.000,31.8071,1.8189,2.1672,,9561,0,NIS-ACM
FLU,,National,National,Overall,18+ years,4-level vaccination and intent,Definitely or probably will not get a vaccine,November Week 2,2024-11-09T00:00:00.000,30.6649,1.8557,2.211,,9445,0,NIS-ACM
FLU,,National,National,Overall,18+ years,4-level vaccination and intent,Definitely or probably will not get a vaccine,November Week 3,2024-11-16T00:00:00.000,32.1834,1.6862,2.0091,,11501,0,NIS-ACM
FLU,,National,National,Overall,18+ years,4-level vaccination and intent,Definitely or probably will not get a vaccine,November Week 4,2024-11-23T00:00:00.000,33.1621,1.7447,2.0788,,12007,0,NIS-ACM
FLU,,National,National,Overall,18+ years,4-level vaccination and intent,Definitely or probably will not get a vaccine,November Week 5,2024-11-30T00:00:00.000,32.9147,2.1603,2.574,,9403,0,NIS-ACM
FLU,,National,National,Overall,18+ years,4-level vaccination and intent,Definitely or probably will not get a vaccine,October Week 1,2024-10-05T00:00:00.000,31.7517,2.0145,2.4002,,9049,0,NIS-ACM
FLU,,National,National,Overall,18+ years,4-level vaccination and intent,Definitely or probably will not get a vaccine,October Week 2,2024-10-12T00:00:00.000,31.4134,1.6013,1.9079,,12061,0,NIS-ACM
FLU,,National,National,Overall,18+ years,4-level vaccination and intent,Definitely or probably will not get a vaccine,October Week 3,2024-10-19T00:00:00.000,32.4938,1.5015,1.789,,11811,0,NIS-ACM
FLU,,National,National,Overall,18+ years,4-level vaccination and intent,Definitely or probably will not get a vaccine,October Week 4,2024-10-26T00:00:00.000,31.1328,1.5308,1.824,,11897,0,NIS-ACM
FLU,,National,National,Overall,18+ years,4-level vaccination and intent,Definitely or probably will not get a vaccine,September Week 1,2024-09-07T00:00:00.000,31.716,1.6771,1.9982,,10859,0,NIS-ACM
FLU,,National,National,Overall,18+ years,4-level vaccination and intent,Definitely or probably will not get a vaccine,September Week 2,2024-09-14T00:00:00.000,30.4426,1.5332,1.8268,,12635,0,NIS-ACM
FLU,,National,National,Overall,18+ years,4-level vaccination and intent,Definitely or probably will not get a vaccine,September Week 3,2024-09-21T00:00:00.000,30.7621,1.5241,1.816,,12537,0,NIS-ACM
FLU,,National,National,Overall,18+ years,4-level vaccination and intent,Definitely or probably will not get a vaccine,September Week 4,2024-09-28T00:00:00.000,32.3655,1.6347,1.9477,,12995,0,NIS-ACM
FLU,,National,National,Overall,18+ years,4-level vaccination and intent,Definitely will get a vaccine,August Week 4,2024-08-24T00:00:00.000,36.8402,1.4555,1.7343,,11806,0,NIS-ACM
FLU,,National,National,Overall,18+ years,4-level vaccination and intent,Definitely will get a vaccine,August Week 5,2024-08-31T00:00:00.000,36.3552,1.5036,1.7915,,11937,0,NIS-ACM
FLU,,National,National,Overall,18+ years,4-level vaccination and intent,Definitely will get a vaccine,December Week 1,2024-12-07T00:00:00.000,9.336,1.0613,1.2646,,12062,0,NIS-ACM
FLU,,National,National,Overall,18+ years,4-level vaccination and intent,Definitely will get a vaccine,December Week 2,2024-12-14T00:00:00.000,7.77,1.0697,1.2745,,12298,0,NIS-ACM
FLU,,National,National,Overall,18+ years,4-level vaccination and intent,Definitely will get a vaccine,December Week 3,2024-12-21T00:00:00.000,7.4955,0.9044,1.0776,,12404,0,NIS-ACM
FLU,,National,National,Overall,18+ years,4-level vaccination and intent,Definitely will get a vaccine,December Week 4,2024-12-28T00:00:00.000,6.403,1.3582,1.6182,,7633,0,NIS-ACM
FLU,,National,National,Overall,18+ years,4-level vaccination and intent,Definitely will get a vaccine,January Week 1,2025-01-04T00:00:00.000,7.5391,1.3298,1.5844,,8099,0,NIS-ACM
FLU,,National,National,Overall,18+ years,4-level vaccination and intent,Definitely will get a vaccine,January Week 2,2025-01-11T00:00:00.000,6.4393,0.9102,1.0845,,9770,0,NIS-ACM
FLU,,National,National,Overall,18+ years,4-level vaccination and intent,Definitely will get a vaccine,January Week 3,2025-01-18T00:00:00.000,5.5859,0.8437,1.0052,,10574,0,NIS-ACM
FLU,,National,National,Overall,18+ years,4-level vaccination and intent,Definitely will get a vaccine,January Week 4,2025-01-25T00:00:00.000,4.9898,1.0798,1.2866,,8908,0,NIS-ACM
FLU,,National,National,Overall,18+ years,4-level vaccination and intent,Definitely will get a vaccine,November Week 1,2024-11-02T00:00:00.000,16.2437,1.4095,1.6794,,9561,0,NIS-ACM
FLU,,National,National,Overall,18+ years,4-level vaccination and intent,Definitely will get a vaccine,November Week 2,2024-11-09T00:00:00.000,14.7231,1.4698,1.7512,,9445,0,NIS-ACM
FLU,,National,National,Overall,18+ years,4-level vaccination and intent,Definitely will get a vaccine,November Week 3,2024-11-16T00:00:00.000,13.22,1.2324,1.4684,,11501,0,NIS-ACM
FLU,,National,National,Overall,18+ years,4-level vaccination and intent,Definitely will get a vaccine,November Week 4,2024-11-23T00:00:00.000,11.3656,1.1804,1.4064,,12007,0,NIS-ACM
FLU,,National,National,Overall,18+ years,4-level vaccination and intent,Definitely will get a vaccine,November Week 5,2024-11-30T00:00:00.000,11.1866,1.6959,2.0206,,9403,0,NIS-ACM
FLU,,National,National,Overall,18+ years,4-level vaccination and intent,Definitely will get a vaccine,October Week 1,2024-10-05T00:00:00.000,28.4601,1.8654,2.2226,,9049,0,NIS-ACM
FLU,,National,National,Overall,18+ years,4-level vaccination and intent,Definitely will get a vaccine,October Week 2,2024-10-12T00:00:00.000,26.649,1.4604,1.7401,,12061,0,NIS-ACM
FLU,,National,National,Overall,18+ years,4-level vaccination and intent,Definitely will get a vaccine,October Week 3,2024-10-19T00:00:00.000,22.3172,1.282,1.5274,,11811,0,NIS-ACM
FLU,,National,National,Overall,18+ years,4-level vaccination and intent,Definitely will get a vaccine,October Week 4,2024-10-26T00:00:00.000,19.0326,1.2091,1.4406,,11897,0,NIS-ACM
FLU,,National,National,Overall,18+ years,4-level vaccination and intent,Definitely will get a vaccine,September Week 1,2024-09-07T00:00:00.000,36.5941,1.6604,1.9784,,10859,0,NIS-ACM
FLU,,National,National,Overall,18+ years,4-level vaccination and intent,Definitely will get a vaccine,September Week 2,2024-09-14T00:00:00.000,34.7841,1.5458,1.8418,,12635,0,NIS-ACM
FLU,,National,National,Overall,18+ years,4-level vaccination and intent,Definitely will get a vaccine,September Week 3,2024-09-21T00:00:00.000,32.9821,1.5676,1.8678,,12537,0,NIS-ACM
FLU,,National,National,Overall,18+ years,4-level vaccination and intent,Definitely will get a vaccine,September Week 4,2024-09-28T00:00:00.000,31.0067,1.5347,1.8286,,12995,0,NIS-ACM
FLU,,National,National,Overall,18+ years,4-level vaccination and intent,Probably will get a vaccine/unsure,August Week 4,2024-08-24T00:00:00.000,28.8892,1.4703,1.7518,,11806,0,NIS-ACM
FLU,,National,National,Overall,18+ years,4-level vaccination and intent,Probably will get a vaccine/unsure,August Week 5,2024-08-31T00:00:00.000,27.4407,1.5152,1.8054,,11937,0,NIS-ACM
FLU,,National,National,Overall,18+ years,4-level vaccination and intent,Probably will get a vaccine/unsure,December Week 1,2024-12-07T00:00:00.000,19.292,1.5125,1.8021,,12062,0,NIS-ACM
FLU,,National,National,Overall,18+ years,4-level vaccination and intent,Probably will get a vaccine/unsure,December Week 2,2024-12-14T00:00:00.000,18.3846,1.5139,1.8038,,12298,0,NIS-ACM
FLU,,National,National,Overall,18+ years,4-level vaccination and intent,Probably will get a vaccine/unsure,December Week 3,2024-12-21T00:00:00.000,17.9553,1.4615,1.7414,,12404,0,NIS-ACM
FLU,,National,National,Overall,18+ years,4-level vaccination and intent,Probably will get a vaccine/unsure,December Week 4,2024-12-28T00:00:00.000,19.3768,1.9178,2.285,,7633,0,NIS-ACM
FLU,,National,National,Overall,18+ years,4-level vaccination and intent,Probably will get a vaccine/unsure,January Week 1,2025-01-04T00:00:00.000,17.6255,1.5434,1.8389,,8099,0,NIS-ACM
FLU,,National,National,Overall,18+ years,4-level vaccination and intent,Probably will get a vaccine/unsure,January Week 2,2025-01-11T00:00:00.000,16.687,1.4953,1.7817,,9770,0,NIS-ACM
FLU,,National,National,Overall,18+ years,4-level vaccination and intent,Probably will get a vaccine/unsure,January Week 3,2025-01-18T00:00:00.000,18.2785,1.5057,1.794,,10574,0,NIS-ACM
FLU,,National,National,Overall,18+ years,4-level vaccination and intent,Probably will get a vaccine/unsure,January Week 4,2025-01-25T00:00:00.000,15.8556,1.666,1.985,,8908,0,NIS-ACM
FLU,,National,National,Overall,18+ years,4-level vaccination and intent,Probably will get a vaccine/unsure,November Week 1,2024-11-02T00:00:00.000,20.4633,1.5821,1.8851,,9561,0,NIS-ACM
FLU,,National,National,Overall,18+ years,4-level vaccination and intent,Probably will get a vaccine/unsure,November Week 2,2024-11-09T00:00:00.000,20.7503,1.8127,2.1598,,9445,0,NIS-ACM
FLU,,National,National,Overall,18+ years,4-level vaccination and intent,Probably will get a vaccine/unsure,November Week 3,2024-11-16T00:00:00.000,19.284,1.4317,1.7059,,11501,0,NIS-ACM
FLU,,National,National,Overall,18+ years,4-level vaccination and intent,Probably will get a vaccine/unsure,November Week 4,2024-11-23T00:00:00.000,18.5294,1.4693,1.7506,,12007,0,NIS-ACM
FLU,,National,National,Overall,18+ years,4-level vaccination and intent,Probably will get a vaccine/unsure,November Week 5,2024-11-30T00:00:00.000,18.3295,1.7346,2.0668,,9403,0,NIS-ACM
FLU,,National,National,Overall,18+ years,4-level vaccination and intent,Probably will get a vaccine/unsure,October Week 1,2024-10-05T00:00:00.000,22.9628,1.7939,2.1374,,9049,0,NIS-ACM
FLU,,National,National,Overall,18+ years,4-level vaccination and intent,Probably will get a vaccine/unsure,October Week 2,2024-10-12T00:00:00.000,22.1146,1.3708,1.6333,,12061,0,NIS-ACM
FLU,,National,National,Overall,18+ years,4-level vaccination and intent,Probably will get a vaccine/unsure,October Week 3,2024-10-19T00:00:00.000,21.9063,1.3141,1.5657,,11811,0,NIS-ACM
FLU,,National,National,Overall,18+ years,4-level vaccination and intent,Probably will get a vaccine/unsure,October Week 4,2024-10-26T00:00:00.000,23.6074,1.4699,1.7513,,11897,0,NIS-ACM
FLU,,National,National,Overall,18+ years,4-level vaccination and intent,Probably will get a vaccine/unsure,September Week 1,2024-09-07T00:00:00.000,26.9158,1.6273,1.939,,10859,0,NIS-ACM
FLU,,National,National,Overall,18+ years,4-level vaccination and intent,Probably will get a vaccine/unsure,September Week 2,2024-09-14T00:00:00.000,27.851,1.5645,1.864,,12635,0,NIS-ACM
FLU,,National,National,Overall,18+ years,4-level vaccination and intent,Probably will get a vaccine/unsure,September Week 3,2024-09-21T00:00:00.000,26.4458,1.5371,1.8314,,12537,0,NIS-ACM
FLU,,National,National,Overall,18+ years,4-level vaccination and intent,Probably will get a vaccine/unsure,September Week 4,2024-09-28T00:00:00.000,24.7877,1.4858,1.7703,,12995,0,NIS-ACM
FLU,,National,National,Overall,18+ years,4-level vaccination and intent,Received a vaccination,August Week 4,2024-08-24T00:00:00.000,2.8584,0.3257,0.3881,,251252,0,NIS-ACM
FLU,,National,National,Overall,18+ years,4-level vaccination and intent,Received a vaccination,August Week 5,2024-08-31T00:00:00.000,3.2472,0.3569,0.4253,,251252,0,NIS-ACM
FLU,,National,National,Overall,18+ years,4-level vaccination and intent,Received a vaccination,December Week 1,2024-12-07T00:00:00.000,39.9416,0.6442,0.7675,,251252,0,NIS-ACM
FLU,,National,National,Overall,18+ years,4-level vaccination and intent,Received a vaccination,December Week 2,2024-12-14T00:00:00.000,41.1582,0.7314,0.8715,,251252,0,NIS-ACM
FLU,,National,National,Overall,18+ years,4-level vaccination and intent,Received a vaccination,December Week 3,2024-12-21T00:00:00.000,41.9464,0.7306,0.8705,,251252,0,NIS-ACM
FLU,,National,National,Overall,18+ years,4-level vaccination and intent,Received a vaccination,December Week 4,2024-12-28T00:00:00.000,42.5675,0.7082,0.8438,,251252,0,NIS-ACM
FLU,,National,National,Overall,18+ years,4-level vaccination and intent,Received a vaccination,January Week 1,2025-01-04T00:00:00.000,42.5675,0.7082,0.8438,,251252,0,NIS-ACM
FLU,,National,National,Overall,18+ years,4-level vaccination and intent,Received a vaccination,January Week 2,2025-01-11T00:00:00.000,43.2839,0.7608,0.9065,,251252,0,NIS-ACM
FLU,,National,National,Overall,18+ years,4-level vaccination and intent,Received a vaccination,January Week 3,2025-01-18T00:00:00.000,43.8227,0.7661,0.9128,,251252,0,NIS-ACM
FLU,,National,National,Overall,18+ years,4-level vaccination and intent,Received a vaccination,January Week 4,2025-01-25T00:00:00.000,44.0026,0.774,0.9222,,251252,0,NIS-ACM
FLU,,National,National,Overall,18+ years,4-level vaccination and intent,Received a vaccination,November Week 1,2024-11-02T00:00:00.000,31.4858,0.5106,0.6083,,251252,0,NIS-ACM
FLU,,National,National,Overall,18+ years,4-level vaccination and intent,Received a vaccination,November Week 2,2024-11-09T00:00:00.000,33.8616,0.6578,0.7838,,251252,0,NIS-ACM
FLU,,National,National,Overall,18+ years,4-level vaccination and intent,Received a vaccination,November Week 3,2024-11-16T00:00:00.000,35.3126,0.6459,0.7696,,251252,0,NIS-ACM
FLU,,National,National,Overall,18+ years,4-level vaccination and intent,Received a vaccination,November Week 4,2024-11-23T00:00:00.000,36.9429,0.7169,0.8542,,251252,0,NIS-ACM
FLU,,National,National,Overall,18+ years,4-level vaccination and intent,Received a vaccination,November Week 5,2024-11-30T00:00:00.000,37.5692,0.7798,0.9292,,251252,0,NIS-ACM
FLU,,National,National,Overall,18+ years,4-level vaccination and intent,Received a vaccination,October Week 1,2024-10-05T00:00:00.000,16.8253,0.4695,0.5594,,251252,0,NIS-ACM
FLU,,National,National,Overall,18+ years,4-level vaccination and intent,Received a vaccination,October Week 2,2024-10-12T00:00:00.000,19.8231,0.511,0.6089,,251252,0,NIS-ACM
FLU,,National,National,Overall,18+ years,4-level vaccination and intent,Received a vaccination,October Week 3,2024-10-19T00:00:00.000,23.2826,0.5959,0.71,,251252,0,NIS-ACM
FLU,,National,National,Overall,18+ years,4-level vaccination and intent,Received a vaccination,October Week 4,2024-10-26T00:00:00.000,26.2273,0.7901,0.9414,,251252,0,NIS-ACM
FLU,,National,National,Overall,18+ years,4-level vaccination and intent,Received a vaccination,September Week 1,2024-09-07T00:00:00.000,4.7741,0.2597,0.3094,,251252,0,NIS-ACM
FLU,,National,National,Overall,18+ years,4-level vaccination and intent,Received a vaccination,September Week 2,2024-09-14T00:00:00.000,6.9223,0.4145,0.4939,,251252,0,NIS-ACM
FLU,,National,National,Overall,18+ years,4-level vaccination and intent,Received a vaccination,September Week 3,2024-09-21T00:00:00.000,9.8099,0.5345,0.6368,,251252,0,NIS-ACM
FLU,,National,National,Overall,18+ years,4-level vaccination and intent,Received a vaccination,September Week 4,2024-09-28T00:00:00.000,11.8402,0.7061,0.8413,,251252,0,NIS-ACM
FLU,,National,National,Overall,18+ years,Up-to-date,Yes,August Week 4,2024-08-24T00:00:00.000,2.8584,0.3257,0.3881,,251252,0,NIS-ACM
FLU,,National,National,Overall,18+ years,Up-to-date,Yes,August Week 5,2024-08-31T00:00:00.000,3.2472,0.3569,0.4253,,251252,0,NIS-ACM
FLU,,National,National,Overall,18+ years,Up-to-date,Yes,December Week 1,2024-12-07T00:00:00.000,39.9416,0.6442,0.7675,,251252,0,NIS-ACM
FLU,,National,National,Overall,18+ years,Up-to-date,Yes,December Week 2,2024-12-14T00:00:00.000,41.1582,0.7314,0.8715,,251252,0,NIS-ACM
FLU,,National,National,Overall,18+ years,Up-to-date,Yes,December Week 3,2024-12-21T00:00:00.000,41.9464,0.7306,0.8705,,251252,0,NIS-ACM
FLU,,National,National,Overall,18+ years,Up-to-date,Yes,December Week 4,2024-12-28T00:00:00.000,42.5675,0.7082,0.8438,,251252,0,NIS-ACM
FLU,,National,National,Overall,18+ years,Up-to-date,Yes,January Week 1,2025-01-04T00:00:00.000,42.5675,0.7082,0.8438,,251252,0,NIS-ACM
FLU,,National,National,Overall,18+ years,Up-to-date,Yes,January Week 2,2025-01-11T00:00:00.000,43.2839,0.7608,0.9065,,251252,0,NIS-ACM
FLU,,National,National,Overall,18+ years,Up-to-date,Yes,January Week 3,2025-01-18T00:00:00.000,43.8227,0.7661,0.9128,,251252,0,NIS-ACM
FLU,,National,National,Overall,18+ years,Up-to-date,Yes,January Week 4,2025-01-25T00:00:00.000,44.0026,0.774,0.9222,,251252,0,NIS-ACM
FLU,,National,National,Overall,18+ years,Up-to-date,Yes,November Week 1,2024-11-02T00:00:00.000,31.4858,0.5106,0.6083,,251252,0,NIS-ACM
FLU,,National,National,Overall,18+ years,Up-to-date,Yes,November Week 2,2024-11-09T00:00:00.000,33.8616,0.6578,0.7838,,251252,0,NIS-ACM
FLU,,National,National,Overall,18+ years,Up-to-date,Yes,November Week 3,2024-11-16T00:00:00.000,35.3126,0.6459,0.7696,,251252,0,NIS-ACM
FLU,,National,National,Overall,18+ years,Up-to-date,Yes,November Week 4,2024-11-23T00:00:00.000,36.9429,0.7169,0.8542,,251252,0,NIS-ACM
FLU,,National,National,Overall,18+ years,Up-to-date,Yes,November Week 5,2024-11-30T00:00:00.000,37.5692,0.7798,0.9292,,251252,0,NIS-ACM
FLU,,National,National,Overall,18+ years,Up-to-date,Yes,October Week 1,2024-10-05T00:00:00.000,16.8253,0.4695,0.5594,,251252,0,NIS-ACM
FLU,,National,National,Overall,18+ years,Up-to-date,Yes,October Week 2,2024-10-12T00:00:00.000,19.8231,0.511,0.6089,,251252,0,NIS-ACM
FLU,,National,National,Overall,18+ years,Up-to-date,Yes,October Week 3,2024-10-19T00:00:00.000,23.2826,0.5959,0.71,,251252,0,NIS-ACM
FLU,,National,National,Overall,18+ years,Up-to-date,Yes,October Week 4,2024-10-26T00:00:00.000,26.2273,0.7901,0.9414,,251252,0,NIS-ACM
FLU,,National,National,Overall,18+ years,Up-to-date,Yes,September Week 1,2024-09-07T00:00:00.000,4.7741,0.2597,0.3094,,251252,0,NIS-ACM
FLU,,National,National,Overall,18+ years,Up-to-date,Yes,September Week 2,2024-09-14T00:00:00.000,6.9223,0.4145,0.4939,,251252,0,NIS-ACM
FLU,,National,National,Overall,18+ years,Up-to-date,Yes,September Week 3,2024-09-21T00:00:00.000,9.8099,0.5345,0.6368,,251252,0,NIS-ACM
FLU,,National,National,Overall,18+ years,Up-to-date,Yes,September Week 4,2024-09-28T00:00:00.000,11.8402,0.7061,0.8413,,251252,0,NIS-ACM
FLU,2024-2025,National,National,Overall,6 months-17 years,4-level vaccination and intent,Definitely or probably will not get a vaccine,December Week 1,2024-12-07T00:00:00.000,36.7117,2.724,3.2456,70877917,2907,0,NIS-Flu
FLU,2024-2025,National,National,Overall,6 months-17 years,4-level vaccination and intent,Definitely or probably will not get a vaccine,December Week 2,2024-12-14T00:00:00.000,35.4929,2.8073,3.3449,70881105,2856,0,NIS-Flu
FLU,2024-2025,National,National,Overall,6 months-17 years,4-level vaccination and intent,Definitely or probably will not get a vaccine,December Week 3,2024-12-21T00:00:00.000,36.0366,2.5267,3.0106,70616455,2697,0,NIS-Flu
FLU,2024-2025,National,National,Overall,6 months-17 years,4-level vaccination and intent,Definitely or probably will not get a vaccine,December Week 4,2024-12-28T00:00:00.000,38.9424,3.5735,4.2578,70766522,1718,0,NIS-Flu
FLU,2024-2025,National,National,Overall,6 months-17 years,4-level vaccination and intent,Definitely or probably will not get a vaccine,January Week 1,2025-01-04T00:00:00.000,36.9885,3.2636,3.8886,70466555,1743,0,NIS-Flu
FLU,2024-2025,National,National,Overall,6 months-17 years,4-level vaccination and intent,Definitely or probably will not get a vaccine,January Week 2,2025-01-11T00:00:00.000,35.9513,2.6743,3.1864,70326614,2368,0,NIS-Flu
FLU,2024-2025,National,National,Overall,6 months-17 years,4-level vaccination and intent,Definitely or probably will not get a vaccine,January Week 3,2025-01-18T00:00:00.000,37.05,2.5642,3.0552,70382587,2833,0,NIS-Flu
FLU,2024-2025,National,National,Overall,6 months-17 years,4-level vaccination and intent,Definitely or probably will not get a vaccine,January Week 4,2025-01-25T00:00:00.000,36.1765,2.8498,3.3955,70423460,2340,0,NIS-Flu
FLU,2024-2025,National,National,Overall,6 months-17 years,4-level vaccination and intent,Definitely or probably will not get a vaccine,November Week 1,2024-11-02T00:00:00.000,31.6715,2.7985,3.3344,70819197,2434,0,NIS-Flu
FLU,2024-2025,National,National,Overall,6 months-17 years,4-level vaccination and intent,Definitely or probably will not get a vaccine,November Week 2,2024-11-09T00:00:00.000,31.7009,2.6416,3.1475,71005275,2558,0,NIS-Flu
FLU,2024-2025,National,National,Overall,6 months-17 years,4-level vaccination and intent,Definitely or probably will not get a vaccine,November Week 3,2024-11-16T00:00:00.000,34.8937,2.6302,3.1339,70822972,2960,0,NIS-Flu
FLU,2024-2025,National,National,Overall,6 months-17 years,4-level vaccination and intent,Definitely or probably will not get a vaccine,November Week 4,2024-11-23T00:00:00.000,34.8405,2.4684,2.941,70883572,2962,0,NIS-Flu
FLU,2024-2025,National,National,Overall,6 months-17 years,4-level vaccination and intent,Definitely or probably will not get a vaccine,November Week 5,2024-11-30T00:00:00.000,39.2011,3.0386,3.6205,70764718,2208,0,NIS-Flu
FLU,2024-2025,National,National,Overall,6 months-17 years,4-level vaccination and intent,Definitely or probably will not get a vaccine,October Week 1,2024-10-05T00:00:00.000,30.4279,3.6396,4.3366,70891889,1408,0,NIS-Flu
FLU,2024-2025,National,National,Overall,6 months-17 years,4-level vaccination and intent,Definitely or probably will not get a vaccine,October Week 2,2024-10-12T00:00:00.000,30.0827,2.3157,2.7591,70475989,2838,0,NIS-Flu
FLU,2024-2025,National,National,Overall,6 months-17 years,4-level vaccination and intent,Definitely or probably will not get a vaccine,October Week 3,2024-10-19T00:00:00.000,33.3291,2.5685,3.0603,70954680,2959,0,NIS-Flu
FLU,2024-2025,National,National,Overall,6 months-17 years,4-level vaccination and intent,Definitely or probably will not get a vaccine,October Week 4,2024-10-26T00:00:00.000,30.3868,2.3865,2.8435,71005182,3027,0,NIS-Flu
FLU,2024-2025,National,National,Overall,6 months-17 years,4-level vaccination and intent,Definitely will get a vaccine,December Week 1,2024-12-07T00:00:00.000,9.0836,1.5505,1.8474,70877917,2907,0,NIS-Flu
FLU,2024-2025,National,National,Overall,6 months-17 years,4-level vaccination and intent,Definitely will get a vaccine,December Week 2,2024-12-14T00:00:00.000,8.7767,1.4537,1.732,70881105,2856,0,NIS-Flu
FLU,2024-2025,National,National,Overall,6 months-17 years,4-level vaccination and intent,Definitely will get a vaccine,December Week 3,2024-12-21T00:00:00.000,9.0516,1.4795,1.7628,70616455,2697,0,NIS-Flu
FLU,2024-2025,National,National,Overall,6 months-17 years,4-level vaccination and intent,Definitely will get a vaccine,December Week 4,2024-12-28T00:00:00.000,6.1691,1.7552,2.0913,70766522,1718,0,NIS-Flu
FLU,2024-2025,National,National,Overall,6 months-17 years,4-level vaccination and intent,Definitely will get a vaccine,January Week 1,2025-01-04T00:00:00.000,7.0908,1.6328,1.9454,70466555,1743,0,NIS-Flu
FLU,2024-2025,National,National,Overall,6 months-17 years,4-level vaccination and intent,Definitely will get a vaccine,January Week 2,2025-01-11T00:00:00.000,6.7589,1.4707,1.7523,70326614,2368,0,NIS-Flu
FLU,2024-2025,National,National,Overall,6 months-17 years,4-level vaccination and intent,Definitely will get a vaccine,January Week 3,2025-01-18T00:00:00.000,5.361,1.1384,1.3564,70382587,2833,0,NIS-Flu
FLU,2024-2025,National,National,Overall,6 months-17 years,4-level vaccination and intent,Definitely will get a vaccine,January Week 4,2025-01-25T00:00:00.000,5.9245,1.3444,1.6018,70423460,2340,0,NIS-Flu
FLU,2024-2025,National,National,Overall,6 months-17 years,4-level vaccination and intent,Definitely will get a vaccine,November Week 1,2024-11-02T00:00:00.000,20.5095,2.4299,2.8952,70819197,2434,0,NIS-Flu
FLU,2024-2025,National,National,Overall,6 months-17 years,4-level vaccination and intent,Definitely will get a vaccine,November Week 2,2024-11-09T00:00:00.000,18.0584,2.2774,2.7135,71005275,2558,0,NIS-Flu
FLU,2024-2025,National,National,Overall,6 months-17 years,4-level vaccination and intent,Definitely will get a vaccine,November Week 3,2024-11-16T00:00:00.000,16.1273,2.1948,2.6151,70822972,2960,0,NIS-Flu
FLU,2024-2025,National,National,Overall,6 months-17 years,4-level vaccination and intent,Definitely will get a vaccine,November Week 4,2024-11-23T00:00:00.000,15.3575,1.7985,2.1429,70883572,2962,0,NIS-Flu
FLU,2024-2025,National,National,Overall,6 months-17 years,4-level vaccination and intent,Definitely will get a vaccine,November Week 5,2024-11-30T00:00:00.000,10.3007,1.7096,2.0369,70764718,2208,0,NIS-Flu
FLU,2024-2025,National,National,Overall,6 months-17 years,4-level vaccination and intent,Definitely will get a vaccine,October Week 1,2024-10-05T00:00:00.000,31.7927,3.9078,4.6561,70891889,1408,0,NIS-Flu
FLU,2024-2025,National,National,Overall,6 months-17 years,4-level vaccination and intent,Definitely will get a vaccine,October Week 2,2024-10-12T00:00:00.000,28.8222,2.3184,2.7623,70475989,2838,0,NIS-Flu
FLU,2024-2025,National,National,Overall,6 months-17 years,4-level vaccination and intent,Definitely will get a vaccine,October Week 3,2024-10-19T00:00:00.000,23.8598,2.297,2.7368,70954680,2959,0,NIS-Flu
FLU,2024-2025,National,National,Overall,6 months-17 years,4-level vaccination and intent,Definitely will get a vaccine,October Week 4,2024-10-26T00:00:00.000,25.1816,2.3417,2.7902,71005182,3027,0,NIS-Flu
FLU,2024-2025,National,National,Overall,6 months-17 years,4-level vaccination and intent,Probably will get a vaccine,December Week 1,2024-12-07T00:00:00.000,13.6563,1.9887,2.3695,70877917,2907,0,NIS-Flu
FLU,2024-2025,National,National,Overall,6 months-17 years,4-level vaccination and intent,Probably will get a vaccine,December Week 2,2024-12-14T00:00:00.000,14.5288,2.1098,2.5138,70881105,2856,0,NIS-Flu
FLU,2024-2025,National,National,Overall,6 months-17 years,4-level vaccination and intent,Probably will get a vaccine,December Week 3,2024-12-21T00:00:00.000,13.2132,1.8018,2.1469,70616455,2697,0,NIS-Flu
FLU,2024-2025,National,National,Overall,6 months-17 years,4-level vaccination and intent,Probably will get a vaccine,December Week 4,2024-12-28T00:00:00.000,13.0479,2.4202,2.8836,70766522,1718,0,NIS-Flu
FLU,2024-2025,National,National,Overall,6 months-17 years,4-level vaccination and intent,Probably will get a vaccine,January Week 1,2025-01-04T00:00:00.000,12.6037,2.3351,2.7823,70466555,1743,0,NIS-Flu
FLU,2024-2025,National,National,Overall,6 months-17 years,4-level vaccination and intent,Probably will get a vaccine,January Week 2,2025-01-11T00:00:00.000,13.7544,2.0453,2.4369,70326614,2368,0,NIS-Flu
FLU,2024-2025,National,National,Overall,6 months-17 years,4-level vaccination and intent,Probably will get a vaccine,January Week 3,2025-01-18T00:00:00.000,13.3967,1.8894,2.2513,70382587,2833,0,NIS-Flu
FLU,2024-2025,National,National,Overall,6 months-17 years,4-level vaccination and intent,Probably will get a vaccine,January Week 4,2025-01-25T00:00:00.000,13.4359,2.3804,2.8362,70423460,2340,0,NIS-Flu
FLU,2024-2025,National,National,Overall,6 months-17 years,4-level vaccination and intent,Probably will get a vaccine,November Week 1,2024-11-02T00:00:00.000,16.9699,2.1284,2.536,70819197,2434,0,NIS-Flu
FLU,2024-2025,National,National,Overall,6 months-17 years,4-level vaccination and intent,Probably will get a vaccine,November Week 2,2024-11-09T00:00:00.000,17.9228,2.4989,2.9774,71005275,2558,0,NIS-Flu
FLU,2024-2025,National,National,Overall,6 months-17 years,4-level vaccination and intent,Probably will get a vaccine,November Week 3,2024-11-16T00:00:00.000,14.8841,1.849,2.203,70822972,2960,0,NIS-Flu
FLU,2024-2025,National,National,Overall,6 months-17 years,4-level vaccination and intent,Probably will get a vaccine,November Week 4,2024-11-23T00:00:00.000,14.3634,1.8598,2.216,70883572,2962,0,NIS-Flu
FLU,2024-2025,National,National,Overall,6 months-17 years,4-level vaccination and intent,Probably will get a vaccine,November Week 5,2024-11-30T00:00:00.000,14.1674,2.2676,2.7019,70764718,2208,0,NIS-Flu
FLU,2024-2025,National,National,Overall,6 months-17 years,4-level vaccination and intent,Probably will get a vaccine,October Week 1,2024-10-05T00:00:00.000,19.1264,3.2265,3.8443,70891889,1408,0,NIS-Flu
FLU,2024-2025,National,National,Overall,6 months-17 years,4-level vaccination and intent,Probably will get a vaccine,October Week 2,2024-10-12T00:00:00.000,19.6298,2.0222,2.4094,70475989,2838,0,NIS-Flu
FLU,2024-2025,National,National,Overall,6 months-17 years,4-level vaccination and intent,Probably will get a vaccine,October Week 3,2024-10-19T00:00:00.000,18.3185,2.1235,2.5302,70954680,2959,0,NIS-Flu
FLU,2024-2025,National,National,Overall,6 months-17 years,4-level vaccination and intent,Probably will get a vaccine,October Week 4,2024-10-26T00:00:00.000,17.6918,2.0291,2.4177,71005182,3027,0,NIS-Flu
FLU,2024-2025,National,National,Overall,6 months-17 years,4-level vaccination and intent,Received a vaccination,December Week 1,2024-12-07T00:00:00.000,40.5484,0.9879,1.1771,70877917,43634,0,NIS-Flu
FLU,2024-2025,National,National,Overall,6 months-17 years,4-level vaccination and intent,Received a vaccination,December Week 2,2024-12-14T00:00:00.000,41.2016,1.0189,1.214,70881105,43634,0,NIS-Flu
FLU,2024-2025,National,National,Overall,6 months-17 years,4-level vaccination and intent,Received a vaccination,December Week 3,2024-12-21T00:00:00.000,41.6986,1.034,1.232,70616455,43634,0,NIS-Flu
FLU,2024-2025,National,National,Overall,6 months-17 years,4-level vaccination and intent,Received a vaccination,December Week 4,2024-12-28T00:00:00.000,41.8406,1.0389,1.2378,70766522,43634,0,NIS-Flu
FLU,2024-2025,National,National,Overall,6 months-17 years,4-level vaccination and intent,Received a vaccination,January Week 1,2025-01-04T00:00:00.000,43.317,1.0678,1.2722,70466555,43634,0,NIS-Flu
FLU,2024-2025,National,National,Overall,6 months-17 years,4-level vaccination and intent,Received a vaccination,January Week 2,2025-01-11T00:00:00.000,43.5354,1.0777,1.2841,70326614,43634,0,NIS-Flu
FLU,2024-2025,National,National,Overall,6 months-17 years,4-level vaccination and intent,Received a vaccination,January Week 3,2025-01-18T00:00:00.000,44.1923,1.1405,1.3589,70382587,43634,0,NIS-Flu
FLU,2024-2025,National,National,Overall,6 months-17 years,4-level vaccination and intent,Received a vaccination,January Week 4,2025-01-25T00:00:00.000,44.4631,1.1779,1.4035,70423460,43634,0,NIS-Flu
FLU,2024-2025,National,National,Overall,6 months-17 years,4-level vaccination and intent,Received a vaccination,November Week 1,2024-11-02T00:00:00.000,30.8491,0.7291,0.8687,70819197,43634,0,NIS-Flu
FLU,2024-2025,National,National,Overall,6 months-17 years,4-level vaccination and intent,Received a vaccination,November Week 2,2024-11-09T00:00:00.000,32.3178,0.851,1.0139,71005275,43634,0,NIS-Flu
FLU,2024-2025,National,National,Overall,6 months-17 years,4-level vaccination and intent,Received a vaccination,November Week 3,2024-11-16T00:00:00.000,34.095,0.9032,1.0761,70822972,43634,0,NIS-Flu
FLU,2024-2025,National,National,Overall,6 months-17 years,4-level vaccination and intent,Received a vaccination,November Week 4,2024-11-23T00:00:00.000,35.4386,0.952,1.1343,70883572,43634,0,NIS-Flu
FLU,2024-2025,National,National,Overall,6 months-17 years,4-level vaccination and intent,Received a vaccination,November Week 5,2024-11-30T00:00:00.000,36.3308,1.0318,1.2294,70764718,43634,0,NIS-Flu
FLU,2024-2025,National,National,Overall,6 months-17 years,4-level vaccination and intent,Received a vaccination,October Week 1,2024-10-05T00:00:00.000,18.6531,0.7871,0.9379,70891889,43634,0,NIS-Flu
FLU,2024-2025,National,National,Overall,6 months-17 years,4-level vaccination and intent,Received a vaccination,October Week 2,2024-10-12T00:00:00.000,21.4653,0.9134,1.0883,70475989,43634,0,NIS-Flu
FLU,2024-2025,National,National,Overall,6 months-17 years,4-level vaccination and intent,Received a vaccination,October Week 3,2024-10-19T00:00:00.000,24.4927,0.9833,1.1716,70954680,43634,0,NIS-Flu
FLU,2024-2025,National,National,Overall,6 months-17 years,4-level vaccination and intent,Received a vaccination,October Week 4,2024-10-26T00:00:00.000,26.7398,1.2704,1.5137,71005182,43634,0,NIS-Flu
FLU,2024-2025,National,National,Overall,6 months-17 years,Up-to-date,Yes,December Week 1,2024-12-07T00:00:00.000,40.5484,0.9879,1.1771,70877917,43634,0,NIS-Flu
FLU,2024-2025,National,National,Overall,6 months-17 years,Up-to-date,Yes,December Week 2,2024-12-14T00:00:00.000,41.2016,1.0189,1.214,70881105,43634,0,NIS-Flu
FLU,2024-2025,National,National,Overall,6 months-17 years,Up-to-date,Yes,December Week 3,2024-12-21T00:00:00.000,41.6986,1.034,1.232,70616455,43634,0,NIS-Flu
FLU,2024-2025,National,National,Overall,6 months-17 years,Up-to-date,Yes,December Week 4,2024-12-28T00:00:00.000,41.8406,1.0389,1.2378,70766522,43634,0,NIS-Flu
FLU,2024-2025,National,National,Overall,6 months-17 years,Up-to-date,Yes,January Week 1,2025-01-04T00:00:00.000,43.317,1.0678,1.2722,70466555,43634,0,NIS-Flu
FLU,2024-2025,National,National,Overall,6 months-17 years,Up-to-date,Yes,January Week 2,2025-01-11T00:00:00.000,43.5354,1.0777,1.2841,70326614,43634,0,NIS-Flu
FLU,2024-2025,National,National,Overall,6 months-17 years,Up-to-date,Yes,January Week 3,2025-01-18T00:00:00.000,44.1923,1.1405,1.3589,70382587,43634,0,NIS-Flu
FLU,2024-2025,National,National,Overall,6 months-17 years,Up-to-date,Yes,January Week 4,2025-01-25T00:00:00.000,44.4631,1.1779,1.4035,70423460,43634,0,NIS-Flu
FLU,2024-2025,National,National,Overall,6 months-17 years,Up-to-date,Yes,November Week 1,2024-11-02T00:00:00.000,30.8491,0.7291,0.8687,70819197,43634,0,NIS-Flu
FLU,2024-2025,National,National,Overall,6 months-17 years,Up-to-date,Yes,November Week 2,2024-11-09T00:00:00.000,32.3178,0.851,1.0139,71005275,43634,0,NIS-Flu
FLU,2024-2025,National,National,Overall,6 months-17 years,Up-to-date,Yes,November Week 3,2024-11-16T00:00:00.000,34.095,0.9032,1.0761,70822972,43634,0,NIS-Flu
FLU,2024-2025,National,National,Overall,6 months-17 years,Up-to-date,Yes,November Week 4,2024-11-23T00:00:00.000,35.4386,0.952,1.1343,70883572,43634,0,NIS-Flu
FLU,2024-2025,National,National,Overall,6 months-17 years,Up-to-date,Yes,November Week 5,2024-11-30T00:00:00.000,36.3308,1.0318,1.2294,70764718,43634,0,NIS-Flu
FLU,2024-2025,National,National,Overall,6 months-17 years,Up-to-date,Yes,October Week 1,2024-10-05T00:00:00.000,18.6531,0.7871,0.9379,70891889,43634,0,NIS-Flu
FLU,2024-2025,National,National,Overall,6 months-17 years,Up-to-date,Yes,October Week 2,2024-10-12T00:00:00.000,21.4653,0.9134,1.0883,70475989,43634,0,NIS-Flu
FLU,2024-2025,National,National,Overall,6 months-17 years,Up-to-date,Yes,October Week 3,2024-10-19T00:00:00.000,24.4927,0.9833,1.1716,70954680,43634,0,NIS-Flu
FLU,2024-2025,National,National,Overall,6 months-17 years,Up-to-date,Yes,October Week 4,2024-10-26T00:00:00.000,26.7398,1.2704,1.5137,71005182,43634,0,NIS-Flu
RSV,,National,National,Overall,75+ years,4-level vaccination and intent,Definitely or probably will not get a vaccine,August Week 4,2024-08-24T00:00:00.000,19.2276,4.0442,4.8186,,1198,0,NIS-ACM
RSV,,National,National,Overall,75+ years,4-level vaccination and intent,Definitely or probably will not get a vaccine,August Week 5,2024-08-31T00:00:00.000,20.3337,3.5352,4.2121,,1333,0,NIS-ACM
RSV,,National,National,Overall,75+ years,4-level vaccination and intent,Definitely or probably will not get a vaccine,December Week 1,2024-12-07T00:00:00.000,24.523,6.734,8.0235,,1191,0,NIS-ACM
RSV,,National,National,Overall,75+ years,4-level vaccination and intent,Definitely or probably will not get a vaccine,December Week 2,2024-12-14T00:00:00.000,24.2972,6.8024,8.105,,1318,0,NIS-ACM
RSV,,National,National,Overall,75+ years,4-level vaccination and intent,Definitely or probably will not get a vaccine,December Week 3,2024-12-21T00:00:00.000,18.6205,3.5542,4.2348,,1367,0,NIS-ACM
RSV,,National,National,Overall,75+ years,4-level vaccination and intent,Definitely or probably will not get a vaccine,December Week 4,2024-12-28T00:00:00.000,16.4835,4.9574,5.9067,,777,0,NIS-ACM
RSV,,National,National,Overall,75+ years,4-level vaccination and intent,Definitely or probably will not get a vaccine,January Week 1,2025-01-04T00:00:00.000,17.7787,5.1206,6.1011,,878,0,NIS-ACM
RSV,,National,National,Overall,75+ years,4-level vaccination and intent,Definitely or probably will not get a vaccine,January Week 2,2025-01-11T00:00:00.000,20.3235,3.9684,4.7283,,1158,0,NIS-ACM
RSV,,National,National,Overall,75+ years,4-level vaccination and intent,Definitely or probably will not get a vaccine,January Week 3,2025-01-18T00:00:00.000,17.172,3.199,3.8115,,1225,0,NIS-ACM
RSV,,National,National,Overall,75+ years,4-level vaccination and intent,Definitely or probably will not get a vaccine,January Week 4,2025-01-25T00:00:00.000,19.9755,4.8158,5.738,,998,0,NIS-ACM
RSV,,National,National,Overall,75+ years,4-level vaccination and intent,Definitely or probably will not get a vaccine,November Week 1,2024-11-02T00:00:00.000,19.1155,3.5216,4.1959,,1031,0,NIS-ACM
RSV,,National,National,Overall,75+ years,4-level vaccination and intent,Definitely or probably will not get a vaccine,November Week 2,2024-11-09T00:00:00.000,20.1643,5.2014,6.1974,,984,0,NIS-ACM
RSV,,National,National,Overall,75+ years,4-level vaccination and intent,Definitely or probably will not get a vaccine,November Week 3,2024-11-16T00:00:00.000,24.9892,5.2896,6.3025,,1274,0,NIS-ACM
RSV,,National,National,Overall,75+ years,4-level vaccination and intent,Definitely or probably will not get a vaccine,November Week 4,2024-11-23T00:00:00.000,23.7116,5.4448,6.4874,,1298,0,NIS-ACM
RSV,,National,National,Overall,75+ years,4-level vaccination and intent,Definitely or probably will not get a vaccine,November Week 5,2024-11-30T00:00:00.000,16.5702,4.325,5.1532,,1012,0,NIS-ACM
RSV,,National,National,Overall,75+ years,4-level vaccination and intent,Definitely or probably will not get a vaccine,October Week 1,2024-10-05T00:00:00.000,14.1001,3.5625,4.2446,,981,0,NIS-ACM
RSV,,National,National,Overall,75+ years,4-level vaccination and intent,Definitely or probably will not get a vaccine,October Week 2,2024-10-12T00:00:00.000,17.0191,3.2786,3.9064,,1379,0,NIS-ACM
RSV,,National,National,Overall,75+ years,4-level vaccination and intent,Definitely or probably will not get a vaccine,October Week 3,2024-10-19T00:00:00.000,21.0138,4.4932,5.3536,,1377,0,NIS-ACM
RSV,,National,National,Overall,75+ years,4-level vaccination and intent,Definitely or probably will not get a vaccine,October Week 4,2024-10-26T00:00:00.000,16.9702,3.6241,4.318,,1277,0,NIS-ACM
RSV,,National,National,Overall,75+ years,4-level vaccination and intent,Definitely or probably will not get a vaccine,September Week 1,2024-09-07T00:00:00.000,17.2172,3.7391,4.4551,,1176,0,NIS-ACM
RSV,,National,National,Overall,75+ years,4-level vaccination and intent,Definitely or probably will not get a vaccine,September Week 2,2024-09-14T00:00:00.000,20.1633,3.8755,4.6177,,1414,0,NIS-ACM
RSV,,National,National,Overall,75+ years,4-level vaccination and intent,Definitely or probably will not get a vaccine,September Week 3,2024-09-21T00:00:00.000,20.6074,4.8817,5.8164,,1380,0,NIS-ACM
RSV,,National,National,Overall,75+ years,4-level vaccination and intent,Definitely or probably will not get a vaccine,September Week 4,2024-09-28T00:00:00.000,18.946,4.3823,5.2215,,1430,0,NIS-ACM
RSV,,National,National,Overall,75+ years,4-level vaccination and intent,Definitely will get a vaccine,August Week 4,2024-08-24T00:00:00.000,11.56,2.8119,3.3503,,1198,0,NIS-ACM
RSV,,National,National,Overall,75+ years,4-level vaccination and intent,Definitely will get a vaccine,August Week 5,2024-08-31T00:00:00.000,10.0595,2.3815,2.8375,,1333,0,NIS-ACM
RSV,,National,National,Overall,75+ years,4-level vaccination and intent,Definitely will get a vaccine,December Week 1,2024-12-07T00:00:00.000,7.1692,2.6545,3.1628,,1191,0,NIS-ACM
RSV,,National,National,Overall,75+ years,4-level vaccination and intent,Definitely will get a vaccine,December Week 2,2024-12-14T00:00:00.000,6.8305,2.3832,2.8396,,1318,0,NIS-ACM
RSV,,National,National,Overall,75+ years,4-level vaccination and intent,Definitely will get a vaccine,December Week 3,2024-12-21T00:00:00.000,9.0174,3.028,3.6078,,1367,0,NIS-ACM
RSV,,National,National,Overall,75+ years,4-level vaccination and intent,Definitely will get a vaccine,December Week 4,2024-12-28T00:00:00.000,7.4859,3.951,4.7076,,777,0,NIS-ACM
RSV,,National,National,Overall,75+ years,4-level vaccination and intent,Definitely will get a vaccine,January Week 1,2025-01-04T00:00:00.000,10.8019,1.8537,2.2087,,878,0,NIS-ACM
RSV,,National,National,Overall,75+ years,4-level vaccination and intent,Definitely will get a vaccine,January Week 2,2025-01-11T00:00:00.000,5.3792,1.7548,2.0909,,1158,0,NIS-ACM
RSV,,National,National,Overall,75+ years,4-level vaccination and intent,Definitely will get a vaccine,January Week 3,2025-01-18T00:00:00.000,10.9711,4.225,5.0341,,1225,0,NIS-ACM
RSV,,National,National,Overall,75+ years,4-level vaccination and intent,Definitely will get a vaccine,January Week 4,2025-01-25T00:00:00.000,4.6988,1.5351,1.8291,,998,0,NIS-ACM
RSV,,National,National,Overall,75+ years,4-level vaccination and intent,Definitely will get a vaccine,November Week 1,2024-11-02T00:00:00.000,7.104,1.9165,2.2835,,1031,0,NIS-ACM
RSV,,National,National,Overall,75+ years,4-level vaccination and intent,Definitely will get a vaccine,November Week 2,2024-11-09T00:00:00.000,7.1926,2.5123,2.9934,,984,0,NIS-ACM
RSV,,National,National,Overall,75+ years,4-level vaccination and intent,Definitely will get a vaccine,November Week 3,2024-11-16T00:00:00.000,6.0342,1.7982,2.1425,,1274,0,NIS-ACM
RSV,,National,National,Overall,75+ years,4-level vaccination and intent,Definitely will get a vaccine,November Week 4,2024-11-23T00:00:00.000,7.1719,3.5978,4.2868,,1298,0,NIS-ACM
RSV,,National,National,Overall,75+ years,4-level vaccination and intent,Definitely will get a vaccine,November Week 5,2024-11-30T00:00:00.000,7.878,2.5259,3.0096,,1012,0,NIS-ACM
RSV,,National,National,Overall,75+ years,4-level vaccination and intent,Definitely will get a vaccine,October Week 1,2024-10-05T00:00:00.000,14.4114,3.2144,3.8299,,981,0,NIS-ACM
RSV,,National,National,Overall,75+ years,4-level vaccination and intent,Definitely will get a vaccine,October Week 2,2024-10-12T00:00:00.000,15.7191,2.7472,3.2733,,1379,0,NIS-ACM
RSV,,National,National,Overall,75+ years,4-level vaccination and intent,Definitely will get a vaccine,October Week 3,2024-10-19T00:00:00.000,9.4449,2.6435,3.1497,,1377,0,NIS-ACM
RSV,,National,National,Overall,75+ years,4-level vaccination and intent,Definitely will get a vaccine,October Week 4,2024-10-26T00:00:00.000,9.069,3.1459,3.7483,,1277,0,NIS-ACM
RSV,,National,National,Overall,75+ years,4-level vaccination and intent,Definitely will get a vaccine,September Week 1,2024-09-07T00:00:00.000,12.4353,3.7725,4.4949,,1176,0,NIS-ACM
RSV,,National,National,Overall,75+ years,4-level vaccination and intent,Definitely will get a vaccine,September Week 2,2024-09-14T00:00:00.000,12.4746,3.1622,3.7677,,1414,0,NIS-ACM
RSV,,National,National,Overall,75+ years,4-level vaccination and intent,Definitely will get a vaccine,September Week 3,2024-09-21T00:00:00.000,14.8356,3.796,4.5228,,1380,0,NIS-ACM
RSV,,National,National,Overall,75+ years,4-level vaccination and intent,Definitely will get a vaccine,September Week 4,2024-09-28T00:00:00.000,13.0226,3.5424,4.2207,,1430,0,NIS-ACM
RSV,,National,National,Overall,75+ years,4-level vaccination and intent,Probably will get a vaccine/unsure,August Week 4,2024-08-24T00:00:00.000,38.4786,5.3122,6.3294,,1198,0,NIS-ACM
RSV,,National,National,Overall,75+ years,4-level vaccination and intent,Probably will get a vaccine/unsure,August Week 5,2024-08-31T00:00:00.000,38.7591,4.5704,5.4456,,1333,0,NIS-ACM
RSV,,National,National,Overall,75+ years,4-level vaccination and intent,Probably will get a vaccine/unsure,December Week 1,2024-12-07T00:00:00.000,24.7571,5.043,6.0087,,1191,0,NIS-ACM
RSV,,National,National,Overall,75+ years,4-level vaccination and intent,Probably will get a vaccine/unsure,December Week 2,2024-12-14T00:00:00.000,25.3216,6.1106,7.2807,,1318,0,NIS-ACM
RSV,,National,National,Overall,75+ years,4-level vaccination and intent,Probably will get a vaccine/unsure,December Week 3,2024-12-21T00:00:00.000,28.4243,4.8256,5.7497,,1367,0,NIS-ACM
RSV,,National,National,Overall,75+ years,4-level vaccination and intent,Probably will get a vaccine/unsure,December Week 4,2024-12-28T00:00:00.000,32.0436,5.9393,7.0766,,777,0,NIS-ACM
RSV,,National,National,Overall,75+ years,4-level vaccination and intent,Probably will get a vaccine/unsure,January Week 1,2025-01-04T00:00:00.000,26.1582,4.5264,5.3932,,878,0,NIS-ACM
RSV,,National,National,Overall,75+ years,4-level vaccination and intent,Probably will get a vaccine/unsure,January Week 2,2025-01-11T00:00:00.000,28.9205,5.2356,6.2381,,1158,0,NIS-ACM
RSV,,National,National,Overall,75+ years,4-level vaccination and intent,Probably will get a vaccine/unsure,January Week 3,2025-01-18T00:00:00.000,26.3594,4.3572,5.1915,,1225,0,NIS-ACM
RSV,,National,National,Overall,75+ years,4-level vaccination and intent,Probably will get a vaccine/unsure,January Week 4,2025-01-25T00:00:00.000,29.5419,7.5272,8.9686,,998,0,NIS-ACM
RSV,,National,National,Overall,75+ years,4-level vaccination and intent,Probably will get a vaccine/unsure,November Week 1,2024-11-02T00:00:00.000,33.9041,4.9849,5.9395,,1031,0,NIS-ACM
RSV,,National,National,Overall,75+ years,4-level vaccination and intent,Probably will get a vaccine/unsure,November Week 2,2024-11-09T00:00:00.000,32.5557,5.3197,6.3383,,984,0,NIS-ACM
RSV,,National,National,Overall,75+ years,4-level vaccination and intent,Probably will get a vaccine/unsure,November Week 3,2024-11-16T00:00:00.000,28.8032,5.266,6.2744,,1274,0,NIS-ACM
RSV,,National,National,Overall,75+ years,4-level vaccination and intent,Probably will get a vaccine/unsure,November Week 4,2024-11-23T00:00:00.000,28.0522,5.558,6.6223,,1298,0,NIS-ACM
RSV,,National,National,Overall,75+ years,4-level vaccination and intent,Probably will get a vaccine/unsure,November Week 5,2024-11-30T00:00:00.000,33.0988,7.8075,9.3026,,1012,0,NIS-ACM
RSV,,National,National,Overall,75+ years,4-level vaccination and intent,Probably will get a vaccine/unsure,October Week 1,2024-10-05T00:00:00.000,37.1344,6.1146,7.2855,,981,0,NIS-ACM
RSV,,National,National,Overall,75+ years,4-level vaccination and intent,Probably will get a vaccine/unsure,October Week 2,2024-10-12T00:00:00.000,32.2068,4.3731,5.2105,,1379,0,NIS-ACM
RSV,,National,National,Overall,75+ years,4-level vaccination and intent,Probably will get a vaccine/unsure,October Week 3,2024-10-19T00:00:00.000,33.305,5.1733,6.1639,,1377,0,NIS-ACM
RSV,,National,National,Overall,75+ years,4-level vaccination and intent,Probably will get a vaccine/unsure,October Week 4,2024-10-26T00:00:00.000,37.2699,5.2989,6.3136,,1277,0,NIS-ACM
RSV,,National,National,Overall,75+ years,4-level vaccination and intent,Probably will get a vaccine/unsure,September Week 1,2024-09-07T00:00:00.000,39.4998,5.434,6.4745,,1176,0,NIS-ACM
RSV,,National,National,Overall,75+ years,4-level vaccination and intent,Probably will get a vaccine/unsure,September Week 2,2024-09-14T00:00:00.000,36.2587,6.0548,7.2142,,1414,0,NIS-ACM
RSV,,National,National,Overall,75+ years,4-level vaccination and intent,Probably will get a vaccine/unsure,September Week 3,2024-09-21T00:00:00.000,32.8449,4.6093,5.492,,1380,0,NIS-ACM
RSV,,National,National,Overall,75+ years,4-level vaccination and intent,Probably will get a vaccine/unsure,September Week 4,2024-09-28T00:00:00.000,36.1794,5.3469,6.3708,,1430,0,NIS-ACM
RSV,,National,National,Overall,75+ years,4-level vaccination and intent,Received a vaccination,August Week 4,2024-08-24T00:00:00.000,30.7338,0.644,0.7673,,92117,0,NIS-ACM
RSV,,National,National,Overall,75+ years,4-level vaccination and intent,Received a vaccination,August Week 5,2024-08-31T00:00:00.000,30.8476,0.655,0.7805,,92117,0,NIS-ACM
RSV,,National,National,Overall,75+ years,4-level vaccination and intent,Received a vaccination,December Week 1,2024-12-07T00:00:00.000,43.5507,1.254,1.4941,,92117,0,NIS-ACM
RSV,,National,National,Overall,75+ years,4-level vaccination and intent,Received a vaccination,December Week 2,2024-12-14T00:00:00.000,43.5507,1.254,1.4941,,92117,0,NIS-ACM
RSV,,National,National,Overall,75+ years,4-level vaccination and intent,Received a vaccination,December Week 3,2024-12-21T00:00:00.000,43.9378,1.2937,1.5415,,92117,0,NIS-ACM
RSV,,National,National,Overall,75+ years,4-level vaccination and intent,Received a vaccination,December Week 4,2024-12-28T00:00:00.000,43.987,1.2962,1.5444,,92117,0,NIS-ACM
RSV,,National,National,Overall,75+ years,4-level vaccination and intent,Received a vaccination,January Week 1,2025-01-04T00:00:00.000,45.2612,1.4361,1.7112,,92117,0,NIS-ACM
RSV,,National,National,Overall,75+ years,4-level vaccination and intent,Received a vaccination,January Week 2,2025-01-11T00:00:00.000,45.3768,1.4416,1.7177,,92117,0,NIS-ACM
RSV,,National,National,Overall,75+ years,4-level vaccination and intent,Received a vaccination,January Week 3,2025-01-18T00:00:00.000,45.4974,1.4517,1.7297,,92117,0,NIS-ACM
RSV,,National,National,Overall,75+ years,4-level vaccination and intent,Received a vaccination,January Week 4,2025-01-25T00:00:00.000,45.7838,1.4856,1.7701,,92117,0,NIS-ACM
RSV,,National,National,Overall,75+ years,4-level vaccination and intent,Received a vaccination,November Week 1,2024-11-02T00:00:00.000,39.8763,0.9725,1.1587,,92117,0,NIS-ACM
RSV,,National,National,Overall,75+ years,4-level vaccination and intent,Received a vaccination,November Week 2,2024-11-09T00:00:00.000,40.0875,0.9782,1.1655,,92117,0,NIS-ACM
RSV,,National,National,Overall,75+ years,4-level vaccination and intent,Received a vaccination,November Week 3,2024-11-16T00:00:00.000,40.1734,0.9782,1.1655,,92117,0,NIS-ACM
RSV,,National,National,Overall,75+ years,4-level vaccination and intent,Received a vaccination,November Week 4,2024-11-23T00:00:00.000,41.0643,1.433,1.7074,,92117,0,NIS-ACM
RSV,,National,National,Overall,75+ years,4-level vaccination and intent,Received a vaccination,November Week 5,2024-11-30T00:00:00.000,42.453,2.0078,2.3923,,92117,0,NIS-ACM
RSV,,National,National,Overall,75+ years,4-level vaccination and intent,Received a vaccination,October Week 1,2024-10-05T00:00:00.000,34.354,0.67,0.7983,,92117,0,NIS-ACM
RSV,,National,National,Overall,75+ years,4-level vaccination and intent,Received a vaccination,October Week 2,2024-10-12T00:00:00.000,35.0549,0.7797,0.929,,92117,0,NIS-ACM
RSV,,National,National,Overall,75+ years,4-level vaccination and intent,Received a vaccination,October Week 3,2024-10-19T00:00:00.000,36.2362,1.2825,1.5281,,92117,0,NIS-ACM
RSV,,National,National,Overall,75+ years,4-level vaccination and intent,Received a vaccination,October Week 4,2024-10-26T00:00:00.000,36.6909,1.34,1.5966,,92117,0,NIS-ACM
RSV,,National,National,Overall,75+ years,4-level vaccination and intent,Received a vaccination,September Week 1,2024-09-07T00:00:00.000,30.8476,0.655,0.7805,,92117,0,NIS-ACM
RSV,,National,National,Overall,75+ years,4-level vaccination and intent,Received a vaccination,September Week 2,2024-09-14T00:00:00.000,31.1034,0.6584,0.7845,,92117,0,NIS-ACM
RSV,,National,National,Overall,75+ years,4-level vaccination and intent,Received a vaccination,September Week 3,2024-09-21T00:00:00.000,31.7122,0.7012,0.8354,,92117,0,NIS-ACM
RSV,,National,National,Overall,75+ years,4-level vaccination and intent,Received a vaccination,September Week 4,2024-09-28T00:00:00.000,31.8521,0.7151,0.852,,92117,0,NIS-ACM
RSV,,National,National,Overall,75+ years,Up-to-date,Yes,August Week 4,2024-08-24T00:00:00.000,30.7338,0.644,0.7673,,92117,0,NIS-ACM
RSV,,National,National,Overall,75+ years,Up-to-date,Yes,August Week 5,2024-08-31T00:00:00.000,30.8476,0.655,0.7805,,92117,0,NIS-ACM
RSV,,National,National,Overall,75+ years,Up-to-date,Yes,December Week 1,2024-12-07T00:00:00.000,43.5507,1.254,1.4941,,92117,0,NIS-ACM
RSV,,National,National,Overall,75+ years,Up-to-date,Yes,December Week 2,2024-12-14T00:00:00.000,43.5507,1.254,1.4941,,92117,0,NIS-ACM
RSV,,National,National,Overall,75+ years,Up-to-date,Yes,December Week 3,2024-12-21T00:00:00.000,43.9378,1.2937,1.5415,,92117,0,NIS-ACM
RSV,,National,National,Overall,75+ years,Up-to-date,Yes,December Week 4,2024-12-28T00:00:00.000,43.987,1.2962,1.5444,,92117,0,NIS-ACM
RSV,,National,National,Overall,75+ years,Up-to-date,Yes,January Week 1,2025-01-04T00:00:00.000,45.2612,1.4361,1.7112,,92117,0,NIS-ACM
RSV,,National,National,Overall,75+ years,Up-to-date,Yes,January Week 2,2025-01-11T00:00:00.000,45.3768,1.4416,1.7177,,92117,0,NIS-ACM
RSV,,National,National,Overall,75+ years,Up-to-date,Yes,January Week 3,2025-01-18T00:00:00.000,45.4974,1.4517,1.7297,,92117,0,NIS-ACM
RSV,,National,National,Overall,75+ years,Up-to-date,Yes,January Week 4,2025-01-25T00:00:00.000,45.7838,1.4856,1.7701,,92117,0,NIS-ACM
RSV,,National,National,Overall,75+ years,Up-to-date,Yes,November Week 1,2024-11-02T00:00:00.000,39.8763,0.9725,1.1587,,92117,0,NIS-ACM
RSV,,National,National,Overall,75+ years,Up-to-date,Yes,November Week 2,2024-11-09T00:00:00.000,40.0875,0.9782,1.1655,,92117,0,NIS-ACM
RSV,,National,National,Overall,75+ years,Up-to-date,Yes,November Week 3,2024-11-16T00:00:00.000,40.1734,0.9782,1.1655,,92117,0,NIS-ACM
RSV,,National,National,Overall,75+ years,Up-to-date,Yes,November Week 4,2024-11-23T00:00:00.000,41.0643,1.433,1.7074,,92117,0,NIS-ACM
RSV,,National,National,Overall,75+ years,Up-to-date,Yes,November Week 5,2024-11-30T00:00:00.000,42.453,2.0078,2.3923,,92117,0,NIS-ACM
RSV,,National,National,Overall,75+ years,Up-to-date,Yes,October Week 1,2024-10-05T00:00:00.000,34.354,0.67,0.7983,,92117,0,NIS-ACM
RSV,,National,National,Overall,75+ years,Up-to-date,Yes,October Week 2,2024-10-12T00:00:00.000,35.0549,0.7797,0.929,,92117,0,NIS-ACM
RSV,,National,National,Overall,75+ years,Up-to-date,Yes,October Week 3,2024-10-19T00:00:00.000,36.2362,1.2825,1.5281,,92117,0,NIS-ACM
RSV,,National,National,Overall,75+ years,Up-to-date,Yes,October Week 4,2024-10-26T00:00:00.000,36.6909,1.34,1.5966,,92117,0,NIS-ACM
RSV,,National,National,Overall,75+ years,Up-to-date,Yes,September Week 1,2024-09-07T00:00:00.000,30.8476,0.655,0.7805,,92117,0,NIS-ACM
RSV,,National,National,Overall,75+ years,Up-to-date,Yes,September Week 2,2024-09-14T00:00:00.000,31.1034,0.6584,0.7845,,92117,0,NIS-ACM
RSV,,National,National,Overall,75+ years,Up-to-date,Yes,September Week 3,2024-09-21T00:00:00.000,31.7122,0.7012,0.8354,,92117,0,NIS-ACM
RSV,,National,National,Overall,75+ years,Up-to-date,Yes,September Week 4,2024-09-28T00:00:00.000,31.8521,0.7151,0.852,,92117,0,NIS-ACM
